-- phpMyAdmin SQL Dump
-- version 2.11.10.1
-- http://www.phpmyadmin.net
--
-- 主机: mysql5-g4.xincache.cn
-- 生成日期: 2012 年 05 月 22 日 11:13
-- 服务器版本: 5.0.45
-- PHP 版本: 5.2.14

SET SQL_MODE="NO_AUTO_VALUE_ON_ZERO";


/*!40101 SET @OLD_CHARACTER_SET_CLIENT=@@CHARACTER_SET_CLIENT */;
/*!40101 SET @OLD_CHARACTER_SET_RESULTS=@@CHARACTER_SET_RESULTS */;
/*!40101 SET @OLD_COLLATION_CONNECTION=@@COLLATION_CONNECTION */;
/*!40101 SET NAMES utf8 */;

--
-- 数据库: `net41435719`
--
CREATE DATABASE `net41435719` DEFAULT CHARACTER SET gbk COLLATE gbk_chinese_ci;
USE `net41435719`;

-- --------------------------------------------------------

--
-- 表的结构 `brand`
--

CREATE TABLE IF NOT EXISTS `brand` (
  `brand_id` int(11) NOT NULL auto_increment,
  `brand_name` varchar(50) NOT NULL,
  `brand_img` varchar(100) default NULL,
  PRIMARY KEY  (`brand_id`),
  UNIQUE KEY `brand_name` (`brand_name`)
) ENGINE=InnoDB  DEFAULT CHARSET=utf8 AUTO_INCREMENT=44 ;

--
-- 导出表中的数据 `brand`
--

INSERT INTO `brand` (`brand_id`, `brand_name`, `brand_img`) VALUES
(1, '奥迪', 'img/upload/brands/120414194912_8092.jpg'),
(2, '奔驰', 'img/upload/brands/120414192431_6618.jpg'),
(3, '宝马', 'img/upload/brands/120414192445_2581.jpg'),
(4, '大众', 'img/upload/brands/120414192454_93.jpg'),
(5, '斯柯达', 'img/upload/brands/120414192534_4833.jpg'),
(6, '别克', 'img/upload/brands/120414192617_1686.jpg'),
(7, '雪佛兰', 'img/upload/brands/120414192629_8951.jpg'),
(8, '中华', 'img/upload/brands/120414192659_2510.jpg'),
(9, '本田', 'img/upload/brands/120414192735_542.jpg'),
(10, '雪铁龙', 'img/upload/brands/120414192745_5230.jpg'),
(11, '克鲁兹', NULL),
(12, '标志', 'img/upload/brands/120414192918_2488.jpg'),
(13, 'MG', 'img/upload/brands/120414192935_3805.jpg'),
(14, '荣威', 'img/upload/brands/120414193010_9018.jpg'),
(15, '力帆', 'img/upload/brands/120414193106_8276.jpg'),
(16, '福特', 'img/upload/brands/120414193129_990.jpg'),
(17, '沃尔沃', 'img/upload/brands/120414193253_439.jpg'),
(18, '马自达', 'img/upload/brands/120414193312_4516.jpg'),
(19, '红旗', 'img/upload/brands/120414193330_5381.jpg'),
(20, '华普', 'img/upload/brands/120414193400_6149.jpg'),
(21, '现代', 'img/upload/brands/120414193419_7986.jpg'),
(22, '起亚', 'img/upload/brands/120414193433_5462.jpg'),
(23, '尼桑', 'img/upload/brands/120414193452_4773.jpg'),
(24, '比亚迪', 'img/upload/brands/120414193555_5653.jpg'),
(25, '丰田', 'img/upload/brands/120414193615_2760.jpg'),
(26, '一汽', 'img/upload/brands/120414193633_8843.jpg'),
(27, '夏利', 'img/upload/brands/120414193709_1859.jpg'),
(28, '吉利', 'img/upload/brands/120414193739_9317.jpg'),
(29, '江淮', 'img/upload/brands/120414193829_1065.jpg'),
(30, '江铃', 'img/upload/brands/120414193850_9667.jpg'),
(31, '东南', 'img/upload/brands/120414194006_4766.jpg'),
(32, '三菱', 'img/upload/brands/120414194024_7553.jpg'),
(33, '猎豹', NULL),
(34, '东风', 'img/upload/brands/120414194115_1050.jpg'),
(35, '长城', 'img/upload/brands/120414194149_6246.jpg'),
(36, '奇瑞', 'img/upload/brands/120414194219_9289.jpg'),
(37, '菲亚特', 'img/upload/brands/120414194458_8161.jpg'),
(38, '长安铃木', 'img/upload/brands/120414194511_9684.jpg'),
(39, '昌河铃木', 'img/upload/brands/120414194538_6924.jpg'),
(40, '哈飞', 'img/upload/brands/120414194607_1198.jpg'),
(41, '五菱', 'img/upload/brands/120414194751_2447.jpg'),
(42, '南京', NULL),
(43, '中兴', 'img/upload/brands/120414194702_3053.jpg');

-- --------------------------------------------------------

--
-- 表的结构 `filter`
--

CREATE TABLE IF NOT EXISTS `filter` (
  `filter_id` int(11) NOT NULL auto_increment,
  `supply_id` int(11) NOT NULL,
  `brand_id` int(11) NOT NULL,
  `style_id` int(11) NOT NULL,
  `air` varchar(30) default NULL,
  `machine_oil` varchar(30) default NULL,
  `fuel_oil` varchar(30) default NULL,
  `air_condition_std` varchar(30) default NULL,
  `air_condition_carbon` varchar(30) default NULL,
  PRIMARY KEY  (`filter_id`)
) ENGINE=InnoDB  DEFAULT CHARSET=utf8 AUTO_INCREMENT=447 ;

--
-- 导出表中的数据 `filter`
--

INSERT INTO `filter` (`filter_id`, `supply_id`, `brand_id`, `style_id`, `air`, `machine_oil`, `fuel_oil`, `air_condition_std`, `air_condition_carbon`) VALUES
(1, 1, 1, 2, '1457429054', '451103033', '450904149', '', '1987432324'),
(2, 1, 1, 3, '1457429054', '451103033', '450904149', '', '1987432324'),
(3, 1, 1, 4, '1457429054', '451103033', '450904149', '', '1987432324'),
(4, 1, 1, 5, '0986AF2276', '', '450905145', '', ''),
(5, 1, 1, 6, '0986AF2276', '', '450905145', '', ''),
(6, 1, 1, 7, '0986AF2276', '', '450905145', '', ''),
(7, 1, 1, 8, '1457433046', '451103314', '450905318', '1987432071', ''),
(8, 1, 1, 9, '1457433046', '451103314', '450905318', '1987432071', ''),
(9, 1, 1, 10, '1457433046', '451103314', '450905318', '1987432071', ''),
(10, 1, 1, 11, '1457433046', '451103314', '450905318', '1987432071', ''),
(11, 1, 1, 12, '1457433046', '451103314', '450905318', '1987432071', ''),
(12, 1, 1, 13, '1457433046', '', '', '1987432071', ''),
(13, 1, 1, 14, '', '0986AF1509', '', '', ''),
(14, 1, 1, 15, '0986AF2276', '451103314', '450905264', '', '1987432324'),
(15, 1, 1, 16, '0986AF2276', '451103314', '450905264', '', '1987432324'),
(16, 1, 1, 17, '0986AF2276', '451103314', '450905264', '', '1987432324'),
(17, 1, 1, 18, '0986AF2276', '451103314', '450905264', '', '1987432324'),
(18, 1, 1, 19, '0986AF2276', '451103314', '450905264', '', '1987432324'),
(19, 1, 1, 20, '0986AF2276', '451103314', '450905264', '', '1987432324'),
(20, 1, 1, 21, '0986AF2276', '451103314', '450905264', '', '1987432324'),
(21, 1, 1, 22, '0986AF2276', '451103314', '450905264', '', '1987432324'),
(22, 1, 1, 23, '0986AF2276', '451103314', '450905264', '', '1987432324'),
(23, 1, 1, 24, '0986AF2276', '', '', '1987432071', ''),
(24, 1, 1, 25, '0986AF2600', '0986AF1509', 'F026403003', '', '0986AF5433'),
(25, 1, 1, 26, '0986AF2600', '0986AF1509', 'F026403003', '', '0986AF5433'),
(26, 1, 1, 27, '0986AF2600', '0986AF1509', 'F026403003', '', '0986AF5433'),
(27, 1, 1, 28, '', '0986AF1509', 'F026403003', '', '0986AF5433'),
(28, 1, 1, 29, '', '0986AF0066', '', '', ''),
(29, 1, 1, 30, '1987429400', '0986AF1509', '450905318', '', '0986AF5433'),
(30, 1, 1, 31, '1987429400', '0986AF1509', '450905318', '', '0986AF5433'),
(31, 1, 1, 32, '1987429400', '0986AF1509', '450905318', '', '0986AF5433'),
(32, 1, 1, 33, '1987429400', '0986AF1509', '450905318', '', '0986AF5433'),
(33, 1, 1, 34, '1987429400', '0986AF1509', '450905318', '', '0986AF5433'),
(34, 1, 1, 35, '1987429400', '0986AF1509', '450905318', '', '0986AF5433'),
(35, 1, 1, 36, '1987429190', 'F026407011', '', '', '1987432431'),
(36, 1, 1, 37, '1987429190', 'F026407011', '', '', '1987432431'),
(37, 1, 1, 38, '', 'F026407011', '', '', '0986AF5433'),
(38, 1, 1, 39, '1457433102', '', '450905959', '', '0986AF5432'),
(39, 1, 1, 40, '1457433102', '', '450905959', '', '0986AF5432'),
(40, 1, 2, 41, '1457433752', '1457429122', '', '', ''),
(41, 1, 2, 42, '1457433523', '1457429122', '450905275', '', ''),
(42, 1, 2, 43, '1457433523', '1457429122', '450905275', '', ''),
(43, 1, 2, 44, '1457433071', '1457429263', '', '1987432081', ''),
(44, 1, 2, 45, '1457433071', '1457429263', '', '1987432081', ''),
(45, 1, 2, 46, '1457433071', '1457429263', '', '1987432081', ''),
(46, 1, 2, 47, '', '1457429122', '450905275', '', ''),
(47, 1, 2, 48, '', '1457429122', '450905275', '', ''),
(48, 1, 2, 49, '1457433071', '1457429263', '', '', ''),
(49, 1, 2, 50, '1457433071', '1457429263', '', '', ''),
(50, 1, 2, 51, '1457433071', '1457429263', '', '', ''),
(51, 1, 2, 52, '1457433071', '1457429263', '', '', ''),
(52, 1, 2, 53, '', '1457429122', '', '', ''),
(53, 1, 2, 54, '1457433071', '1457429263', '', '', ''),
(54, 1, 2, 55, '1457433071', '1457429263', '', '', ''),
(55, 1, 3, 56, 'F026400018', '1457429269', '', '', '1987432424'),
(56, 1, 3, 57, 'F026400018', '1457429269', '', '', '1987432424'),
(57, 1, 3, 58, '', '1457429102', '450905952', '', '1987432336'),
(58, 1, 3, 59, '', '1457429102', '450905952', '', '1987432336'),
(59, 1, 3, 60, '', '1457429102', '450905952', '', '1987432336'),
(60, 1, 3, 61, '', '1457429102', '450905952', '', '1987432336'),
(61, 1, 3, 62, '', '1457429102', '450905952', '', '1987432336'),
(62, 1, 3, 63, 'F026400018', '1457429262', '', '', '1987432424'),
(63, 1, 3, 64, '1457433094', '1457429102', '', '', '1987432402'),
(64, 1, 3, 65, '1457433094', '1457429102', '', '', '1987432402'),
(65, 1, 3, 66, '1457433094', '1457429102', '', '', '1987432402'),
(66, 1, 3, 67, '1457433094', '1457429102', '', '', '1987432402'),
(67, 1, 3, 68, '1457433094', '1457429102', '', '', '1987432402'),
(68, 1, 3, 69, '1457433094', '1457429102', '', '', '1987432402'),
(69, 1, 3, 70, '1457433094', '1457429102', '', '', '1987432402'),
(70, 1, 3, 71, '1457433094', '1457429102', '', '', '1987432402'),
(71, 1, 3, 72, '1457433094', '1457429102', '', '', '1987432402'),
(72, 1, 3, 73, '1457433094', '1457429269', '', '', '1987432402'),
(73, 1, 3, 74, '1457433094', '1457429269', '', '', '1987432402'),
(74, 1, 3, 75, '1457433094', '1457429269', '', '', '1987432402'),
(75, 1, 3, 76, '', '1457429102', '450905905', '', '1987432362'),
(76, 1, 3, 77, '', '', '', '1987432103', ''),
(77, 1, 3, 78, '', '1457429269', '', '1987432103', ''),
(78, 1, 3, 79, '', '1457429269', '', '1987432103', ''),
(79, 1, 3, 80, '', '1457429269', '', '1987432103', ''),
(80, 1, 3, 81, '1457433698', '', 'F026403000', '', ''),
(81, 1, 3, 82, '', '1457429102', '450905952', '', ''),
(82, 1, 3, 83, '', '1457429269', '', '', ''),
(83, 1, 3, 84, '', '1457429269', '', '', ''),
(84, 1, 4, 85, '0986AF2273', '0986AF0052', '0986AF8128', '0986AF5403', ''),
(85, 1, 4, 86, '0986AF2277', '0986AF0054', '0986AF8128', '0986AF5403', ''),
(86, 1, 4, 87, '0986AF2278', '0986AF0051', '0986AF8128', '0986AF5403', ''),
(87, 1, 4, 88, '0986AF2285', '0986AF0027', '', '0986AF5403', ''),
(88, 1, 4, 89, '0986AF2273', '0986AF0052', '0986AF8120', '', ''),
(89, 1, 4, 90, '0986AF2274', '0986AF0054', '0986AF8120', '', ''),
(90, 1, 4, 91, '0986AF2275', '0986AF0051', '0986AF8120', '', ''),
(91, 1, 4, 92, '0986AF2275', '0986AF0054', '0986AF8120', '0986AF5429', ''),
(92, 1, 4, 93, '0986AF2102', '0986AF0054', '0986AF8120', '0986AF5429', ''),
(93, 1, 4, 94, '0986AF2102', '0986AF0051', '0986AF8120', '0986AF5429', ''),
(94, 1, 4, 95, '0986AF2280', '0986AF0051', '0986AF8130', '', '0986AF5405'),
(95, 1, 4, 96, '0986AF2281', '0986AF0051', '0986AF8130', '', '0986AF5405'),
(96, 1, 4, 97, '0986AF2280', '0986AF0027', '', '', '0986AF5405'),
(97, 1, 4, 98, '0986AF2276', '0986AF0051', '0986AF8120', '0986AF5412', '0986AF5428'),
(98, 1, 4, 99, '0986AF2276', '0986AF0066', '0986AF8120', '0986AF5412', '0986AF5428'),
(99, 1, 4, 100, '0986AF2427', '0986AF0051', '0986AF8120', '0986AF5412', '0986AF5428'),
(100, 1, 4, 101, '0986AF2427', '0986AF0051', '0986AF8120', '0986AF5412', '0986AF5428'),
(101, 1, 4, 102, '0986AF2427', '0986AF0066', '0986AF8120', '0986AF5412', '0986AF5428'),
(102, 1, 4, 103, '0986AF2279', '0986AF0198', '0986AF8129', '0986AF5410', '0986AF5430'),
(103, 1, 4, 104, '0986AF2279', '0986AF0051', '0986AF8129', '0986AF5410', '0986AF5430'),
(104, 1, 4, 105, '0986AF2282', '0986AF0028', '0986AF8114', '0986AF5410', '0986AF5430'),
(105, 1, 4, 106, '0986AF2284', '0986AF0051', '0986AF8114', '0986AF5431', '0986AF5432'),
(106, 1, 4, 107, '0986AF2430', '0986AF0051', '', '', ''),
(107, 1, 4, 108, '0986AF2283', '0986AF0051', '', '0986AF5409', ''),
(108, 1, 4, 109, '0986AF2225', '0986AF0051', '0986AF8130', '', '0986AF5405'),
(109, 1, 4, 110, '0986AF2224', '0986AF0051', '0986AF8130', '', '0986AF5405'),
(110, 1, 4, 111, '0986AF2224', '', '0986AF8130', '', '0986AF5405'),
(111, 1, 4, 112, '0986AF2280', '0986AF0051', '0986AF8130', '', '0986AF5405'),
(112, 1, 4, 113, '0986AF2438', 'F026407080', '0986AF8114', '', '1987432397'),
(113, 1, 4, 114, '0986AF2284', '0986AF0051', '', '', '1987432397'),
(114, 1, 4, 115, '0986AF2438', 'F026407080', '0986AF8114', '', '1987432397'),
(115, 1, 4, 116, '0986AF2284', '', '', '', ''),
(116, 1, 4, 117, '0986AF2284', '0986AF0066', '0986AF8114', '0986AF5431', '1987432397'),
(117, 1, 4, 118, '0986AF2284', '0986AF0066', '0986AF8114', '', '1987432397'),
(118, 1, 4, 119, '0986AF2284', '', '', '', ''),
(119, 1, 4, 120, '0986AF2438', '0986AF0051', '0986AF8114', '0986AF5431', '1987432097'),
(120, 1, 4, 121, '0986AF2438', 'F026407080', '0986AF8114', '0986AF5431', '1987432097'),
(121, 1, 4, 122, '0986AF2438', 'F026407080', '0986AF8114', '0986AF5431', '1987432097'),
(122, 1, 4, 123, '0986AF2284', 'F026407079', '0986AF8114', '0986AF5431', '1987432097'),
(123, 1, 4, 124, '0986AF2284', '0986AF0066', '0986AF8114', '0986AF5431', '1987432097'),
(124, 1, 4, 125, '0986AF2284', 'F026407080', '0986AF8114', '0986AF5431', '1987432097'),
(125, 1, 4, 126, '0986AF2284', '0986AF0066', '0986AF8114', '0986AF5431', '1987432097'),
(126, 1, 4, 127, '', '0986AF2282', '', '', '1987432300'),
(127, 1, 4, 128, '0986AF2438', 'F026407080', '450905959', '0986AF5431', '1987432097'),
(128, 1, 4, 129, '0986AF2438', 'F026407080', '', '0986AF5431', '1987432097'),
(129, 1, 4, 130, 'F026400126', '', '', '', ''),
(130, 1, 4, 131, '0986AF2284', '0986AF0051', '0986AF8114', '0986AF5431', '0986AF5432'),
(131, 1, 5, 132, '', '0986AF0058', '0986AF8114', '0986AF5431', '0986AF5432'),
(132, 1, 5, 133, '0986AF2426', '0986AF0058', '0986AF8114', '', ''),
(133, 1, 6, 134, '0986AF2254', '0986AF0057', '0986AF8136', '0986AF5421', ''),
(134, 1, 6, 135, '0986AF2254', '0986AF0057', '0986AF8136', '0986AF5407', '0986AF5421'),
(135, 1, 6, 136, '0986AF2254', '0986AF0057', '', '0986AF5421', ''),
(136, 1, 6, 137, '0986AF2256', '0986AF0057', '0986AF8156', '0986AF5400', ''),
(137, 1, 6, 138, '0986AF2256', '0986AF0057', '0986AF8156', '0986AF5400', ''),
(138, 1, 6, 139, '0986AF2255', '0986AF0057', '0986AF8137', '0986AF4058', ''),
(139, 1, 6, 140, '0986AF2255', '0986AF0057', '0986AF8137', '', ''),
(140, 1, 6, 141, '0986AF2253', '0986AF0057', '0986AF8134', '', ''),
(141, 1, 6, 142, '0986AF2253', '0986AF0029', '0986AF8134', '0986AF5423', ''),
(142, 1, 6, 143, '0986AF2431', '', '', '', ''),
(143, 1, 6, 144, '0986AF2431', '', '', '', ''),
(144, 1, 6, 145, '0986AF2428', '', '', '', ''),
(145, 1, 6, 146, '0986AF2254', '0986AF0029', '0986AF8051', '0986AF5422', '0986AF4051'),
(146, 1, 6, 147, '0986AF2254', '0986AF0029', '0986AF8136', '0986AF5422', '0986AF4051'),
(147, 1, 6, 148, '0986AF2254', '0986AF0029', '', '0986AF5422', ''),
(148, 1, 6, 149, '0986AF2254', '0986AF0029', '', '0986AF5422', ''),
(149, 1, 7, 150, '0986AF2319', '0986AF0057', '0986AF8137', '0986AF5424', ''),
(150, 1, 7, 151, '', '', '', '', '0986AF4050'),
(151, 1, 7, 152, '0986AF2435', '0986AF0062', '0986AF8137', '', ''),
(152, 1, 7, 153, '0986AF2435', '0986AF0062', '0986AF8137', '', ''),
(153, 1, 7, 154, '0986AF2435', '0986AF0062', '0986AF8137', '', ''),
(154, 1, 7, 155, '0986AF2435', '', '0986AF8112', '', ''),
(155, 1, 7, 156, '0986AF2229', '0986AF0057', '', '', ''),
(156, 1, 7, 157, '0986AF2316', '0986AF0057', '0986AF8137', '0986AF5425', '0986AF5439'),
(157, 1, 7, 158, '0986AF2316', '0986AF0057', '', '0986AF5425', '0986AF5439'),
(158, 1, 7, 159, '0986AF2316', '0986AF0057', '', '', ''),
(159, 1, 7, 160, '0986AF2429', '', '', '', ''),
(160, 1, 7, 161, '0986AF2319', '0986AF0057', '0986AF8137', '0986AF5424', ''),
(161, 1, 7, 162, '0986AF2229', '0986AF0062', '0986AF8137', '', ''),
(162, 1, 8, 163, '0986AF2315', '0986AF0030', '0986AF8135', '0986AF5401', ''),
(163, 1, 8, 164, '0986AF2437', '', '', '', ''),
(164, 1, 8, 165, '0986AF2437', '', '', '', ''),
(165, 1, 8, 166, '0986AF2315', '0986AF0030', '0986AF8135', '0986AF5401', ''),
(166, 1, 8, 167, '0986AF2315', '0986AF0059', '0986AF8135', '0986AF5401', ''),
(167, 1, 9, 168, '', '0986AF0065', '0986AF8138', '0986AF5411', '0986AF5446'),
(168, 1, 9, 169, '', '0986AF0065', '0986AF8138', '0986AF5411', '0986AF5446'),
(169, 1, 9, 170, '', '0986AF0065', '0986AF8155', '0986AF5411', '0986AF5446'),
(170, 1, 9, 171, '', '0986AF0065', '', '', ''),
(171, 1, 9, 172, '0986AF2322', '0986AF0065', '', '', ''),
(172, 1, 9, 173, '0986AF2322', '0986AF0065', '', '', ''),
(173, 1, 9, 174, '0986AF2322', '0986AF0065', '', '', ''),
(174, 1, 9, 175, '0986AF2322', '0986AF0065', '', '', ''),
(175, 1, 9, 176, '0986AF2226', '0986AF0065', '0986AF8155', '', ''),
(176, 1, 9, 177, '', '0986AF0065', '', '', ''),
(177, 1, 9, 178, '', '0986AF0065', '', '', ''),
(178, 1, 9, 179, '', '0986AF0065', '', '', ''),
(179, 1, 9, 180, '', '0986AF0065', '', '', ''),
(180, 1, 9, 181, '0986AF2225', '0986AF0065', '', '0986AF5013', ''),
(181, 1, 9, 182, '', '0986AF0065', '', '', ''),
(182, 1, 9, 183, '0986AF2225', '0986AF0059', '', '', '0986AF4056'),
(183, 1, 9, 184, '0986AF2225', '0986AF0059', '', '0986AF5013', '0986AF4056'),
(184, 1, 9, 185, '0986AF2321', '0986AF0065', '0986AF8155', '', ''),
(185, 1, 9, 186, '0986AF2321', '0986AF0065', '', '', ''),
(186, 1, 10, 187, '0986AF2268', '0986AF0026', '0986AF8126', '', ''),
(187, 1, 10, 188, '0986AF2268', '0986AF0046', '0986AF8125', '', ''),
(188, 1, 10, 189, '0986AF2269', '0986AF0026', '0986AF8126', '0986AF5443', ''),
(189, 1, 10, 190, '0986AF2269', '0986AF0026', '0986AF8126', '0986AF5443', ''),
(190, 1, 10, 191, '0986AF2269', '0986AF0056', '0986AF8126', '0986AF5443', ''),
(191, 1, 10, 192, '0986AF2269', '0986AF0056', '0986AF8126', '0986AF5443', ''),
(192, 1, 10, 193, '', '', '', '', '0986AF4052'),
(193, 1, 10, 194, '', '', '', '', '0986AF4052'),
(194, 1, 10, 195, '0986AF2266', '0986AF0056', '0986AF8125', '', ''),
(195, 1, 10, 196, '0986AF2271', '0986AF0046', '0986AF8126', '', ''),
(196, 1, 10, 197, '0986AF2271', '0986AF0046', '0986AF8126', '', ''),
(197, 1, 10, 198, '0986AF2266', '0986AF0056', '0986AF8125', '', ''),
(198, 1, 10, 199, '0986AF2266', '0986AF0023', '0986AF8125', '', ''),
(199, 1, 11, 200, '0986AF2432', '', '', '', '0986AF4050'),
(200, 1, 12, 201, '0986AF2272', '0986AF0046', '0986AF8126', '0986AF5440', ''),
(201, 1, 12, 202, '0986AF2271', '0986AF0046', '0986AF8126', '', ''),
(202, 1, 12, 203, '0986AF2271', '0986AF0046', '0986AF8126', '0986AF5441', ''),
(203, 1, 12, 204, '0986AF2271', '0986AF0046', '0986AF8126', '0986AF5441', ''),
(204, 1, 12, 205, '0986AF2267', '0986AF0056', '0986AF8126', '0986AF5441', ''),
(205, 1, 12, 206, '0986AF2267', '0986AF0056', '0986AF8126', '0986AF5442', ''),
(206, 1, 12, 207, '', '', '', '', '0986AF4052'),
(207, 1, 13, 208, '', '0986AF0190', '', '', ''),
(208, 1, 13, 209, '', '0986AF0190', '', '', ''),
(209, 1, 13, 210, '', '0986AF0190', '', '', ''),
(210, 1, 14, 211, '0986AF2434', '0986AF0190', '0986AF8113', '', ''),
(211, 1, 14, 212, '0986AF2434', '0986AF0190', '0986AF8113', '', ''),
(212, 1, 14, 213, '', '0986AF0199', '0986AF8113', '', ''),
(213, 1, 15, 214, '', '', '0986AF8125', '', ''),
(214, 1, 15, 215, '', '', '0986AF8125', '', ''),
(215, 1, 16, 216, '0986B02320', '0986AF1144', '450905966', '0986AF5404', ''),
(216, 1, 16, 217, '', '0986AF0063', '', '0986AF5404', ''),
(217, 1, 16, 218, '0986AF2250', '0986AF0020', '0986AF8122', '0986AF5445', ''),
(218, 1, 16, 219, 'F026400136', '0986AF0020', '', '', ''),
(219, 1, 16, 220, 'F026400109', '', '', '', ''),
(220, 1, 16, 221, '0986AF2251', '0986AF0020', '0986AF8121', '', ''),
(221, 1, 16, 222, '0986AF4054', '0986AF0024', '0986AF8121', '0986AF5444', ''),
(222, 1, 16, 223, '0986AF2251', '0986AF0024', '0986AF8121', '0986AF5444', ''),
(223, 1, 16, 224, '', '0986AF0021', '', '', ''),
(224, 1, 16, 225, '0986AF2251', '0986AF0024', '0986AF8121', '0986AF5444', ''),
(225, 1, 17, 226, '', '1457429249', '', '', ''),
(226, 1, 18, 227, '', '0986AF0063', '', '', ''),
(227, 1, 18, 228, '', '0986AF0063', '', '', ''),
(228, 1, 18, 229, '', '0986AF0063', '', '', ''),
(229, 1, 18, 230, '', '0986AF0020', '', '', ''),
(230, 1, 18, 231, '', '0986AF0063', '', '', ''),
(231, 1, 18, 232, '', '0986AF0063', '', '0986AF5415', ''),
(232, 1, 18, 233, '', '0986AF0063', '', '0986AF5415', ''),
(233, 1, 18, 234, '', '0986AF0063', '', '0986AF5415', ''),
(234, 1, 18, 235, '0986AF2252', '0986AF0020', '', '0986AF5008', ''),
(235, 1, 18, 236, '0986AF2252', '0986AF0059', '', '0986AF5008', ''),
(236, 1, 18, 237, '0986AF2252', '0986AF0024', '', '', ''),
(237, 1, 19, 238, '0986AF2233', '0986AF0072', '', '', ''),
(238, 1, 19, 239, '', '0986AF0072', '', '', ''),
(239, 1, 19, 240, '0986AF2215', '0986AF0072', '', '', ''),
(240, 1, 19, 241, '0986AF2215', '0986AF0072', '', '', ''),
(241, 1, 19, 242, '0986AF2233', '0986AF0072', '', '', ''),
(242, 1, 19, 243, '0986AF2233', '0986AF0072', '', '', ''),
(243, 1, 19, 244, '', '0986AF0072', '', '', ''),
(244, 1, 20, 245, '', '0986AF0061', '', '', ''),
(245, 1, 21, 246, '', '0986AF0047', '', '0986AF4163', ''),
(246, 1, 21, 247, '0986AF2258', '0986AF0047', '', '0986AF4164', ''),
(247, 1, 21, 248, '', '0986AF0047', '', '', ''),
(248, 1, 21, 249, '', '0986AF0047', '', '', ''),
(249, 1, 21, 250, '0986AF2064', '0986AF0047', '', '0986AF4151', ''),
(250, 1, 21, 251, '0986AF2064', '0986AF0047', '', '0986AF4152', ''),
(251, 1, 21, 252, '0986AF2257', '0986AF0047', '', '0986AF4151', '0986AF4152'),
(252, 1, 21, 253, '0986AF2214', '0986AF0069', '', '0986AF4165', ''),
(253, 1, 21, 254, '0986AF2214', '0986AF0047', '', '0986AF4166', '0986AF4166'),
(254, 1, 21, 255, '0986AF2258', '0986AF0047', '', '0986AF4158', ''),
(255, 1, 22, 256, '', '0986AF0047', '', '0986AF4156', ''),
(256, 1, 22, 257, '0986AF2258', '0986AF0047', '', '0986AF4172', ''),
(257, 1, 22, 258, '0986AF2212', '0986AF0047', '', '', ''),
(258, 1, 22, 259, '0986AF2030', '0986AF0063', '', '', ''),
(259, 1, 22, 260, '0986AF2259', '0986AF0047', '0986AF8053', '', ''),
(260, 1, 22, 261, '0986AF2114', '0986AF0047', '', '0986AF4158', ''),
(261, 1, 23, 262, '0986AF2215', '0986AF0063', '0986AF8124', '0986AF5448', '0986AF5447'),
(262, 1, 23, 263, '0986AF2265', '0986AF0063', '0986AF8124', '', ''),
(263, 1, 23, 264, '', '0986AF0063', '0986AF8124', '', ''),
(264, 1, 23, 265, '', '0986AF0063', '0986AF8124', '', ''),
(265, 1, 23, 266, '', '0986AF0063', '0986AF8124', '', ''),
(266, 1, 23, 267, '0986AF2265', '0986AF0063', '0986AF8124', '', '0986AF4055'),
(267, 1, 23, 268, '0986AF2265', '0986AF0063', '0986AF8124', '', '0986AF4055'),
(268, 1, 23, 269, '0986AF2265', '0986AF0063', '0986AF8124', '', '0986AF4055'),
(269, 1, 23, 270, '0986AF2265', '0986AF0063', '', '', ''),
(270, 1, 23, 271, '0986AF2219', '0986AF0063', '', '', ''),
(271, 1, 23, 272, '', '0986AF0060', '', '', ''),
(272, 1, 23, 273, '', '0986AF0060', '0986AF8124', '', ''),
(273, 1, 23, 274, '0986AF2264', '0986AF0063', '0986AF8124', '0986AF5448', '0986AF5447'),
(274, 1, 23, 275, '', '0986AF0063', '0986AF8124', '', ''),
(275, 1, 24, 276, '', '0986AF0030', '', '', ''),
(276, 1, 24, 277, '', '0986AF0062', '', '', ''),
(277, 1, 25, 278, '0986AF2326', '0986AF0061', '', '', ''),
(278, 1, 25, 279, '0986AF2326', '0986AF0061', '', '0986AF5015', ''),
(279, 1, 25, 280, '', '0986AF0061', '0986AF8058', '', ''),
(280, 1, 25, 281, '0986AF2325', '0986AF0055', '0986AF8058', '', ''),
(281, 1, 25, 282, '', '0986AF0061', '', '', ''),
(282, 1, 25, 283, '0986AF2227', '0986AF0061', '', '1987431955', ''),
(283, 1, 25, 284, '0986AF2227', '0986AF0061', '', '1987431955', ''),
(284, 1, 25, 285, '', '0986AF0061', '', '', ''),
(285, 1, 25, 286, '', '0986AF0061', '', '', ''),
(286, 1, 25, 287, '', '0986AF0061', '', '', ''),
(287, 1, 25, 288, '0986AF2222', '0986AF0032', '', '', ''),
(288, 1, 25, 289, '0986AF2221', '0986AF0032', '', '', ''),
(289, 1, 25, 290, '0986AF2220', '0986AF0032', '', '', ''),
(290, 1, 25, 291, '0986AF2217', '0986AF0055', '', '', ''),
(291, 1, 25, 292, '0986AF2217', '0986AF0055', '', '', ''),
(292, 1, 25, 293, '', '0986AF0032', '', '', ''),
(293, 1, 25, 294, '', '0986AF0032', '', '', ''),
(294, 1, 25, 295, '', '0986AF0061', '', '1987431953', ''),
(295, 1, 25, 296, '0986AF2320', '0986AF0019', '', '', '0986AF5449'),
(296, 1, 25, 297, '0986AF2324', '0986AF0019', '', '', '0986AF5449'),
(297, 1, 25, 298, '0986AF2324', '0986AF0032', '', '0986AF5014', '0986AF5449'),
(298, 1, 25, 299, '0986AF2324', '0986AF0032', '', '', ''),
(299, 1, 25, 300, '', '0986AF0032', '', '', ''),
(300, 1, 25, 301, '0986AF2323', '0986AF0061', '', '', '0986AF5449'),
(301, 1, 25, 302, '0986AF2323', '0986AF0061', '', '', '0986AF5449'),
(302, 1, 26, 303, '', '0986AF0061', '', '0986AF5414', ''),
(303, 1, 26, 304, '0986AF2314', '0986AF0061', '', '0986AF5414', ''),
(304, 1, 26, 305, '0986AF2323', '0986AF0061', '', '0986AF5414', ''),
(305, 1, 26, 306, '0986AF2323', '0986AF0061', '', '', ''),
(306, 1, 26, 307, '0986AF2323', '0986AF0061', '', '', ''),
(307, 1, 27, 308, '0986AF2210', '0986AF0062', '0986AF8125', '', ''),
(308, 1, 27, 309, '0986AF2323', '0986AF0061', '0986AF8125', '0986AF5414', ''),
(309, 1, 27, 310, '0986AF2323', '0986AF0061', '0986AF8125', '', ''),
(310, 1, 27, 311, '0986AF2323', '0986AF0061', '0986AF8125', '', ''),
(311, 1, 28, 312, '', '0986AF0061', '0986AF8125', '', ''),
(312, 1, 28, 313, '', '', '0986AF8125', '', ''),
(313, 1, 28, 314, '', '0986AF0061', '0986AF8125', '', ''),
(314, 1, 28, 315, '', '0986AF0061', '0986AF8125', '', ''),
(315, 1, 28, 316, '', '0986AF0061', '0986AF8125', '', ''),
(316, 1, 28, 317, '', '0986AF0061', '0986AF8125', '', ''),
(317, 1, 28, 318, '', '', '0986AF8125', '', ''),
(318, 1, 28, 319, '', '', '0986AF8125', '', ''),
(319, 1, 29, 320, '0986AF2010', '0986AF0047', '', '', ''),
(320, 1, 29, 321, '0986AF2010', '0986AF0047', '', '', ''),
(321, 1, 30, 322, '', '0986AF0030', '0986AF8123', '', ''),
(322, 1, 30, 323, '', '0986AF0022', '', '', ''),
(323, 1, 30, 324, '', '0986AF0030', '0986AF8123', '', ''),
(324, 1, 30, 325, '', '0986AF0030', '0986AF8123', '', ''),
(325, 1, 30, 326, '', '0986AF0022', '', '', '0986AF4152'),
(326, 1, 31, 327, '0986AF2318', '0986AF0030', '0986AF8131', '', ''),
(327, 1, 31, 328, '0986AF2318', '0986AF0030', '0986AF8131', '', '0986AF4166'),
(328, 1, 31, 329, '0986AF2318', '0986AF0030', '', '', ''),
(329, 1, 31, 330, '0986AF2317', '0986AF0030', '0986AF8132', '', ''),
(330, 1, 31, 331, '0986AF2317', '0986AF0030', '0986AF8132', '', ''),
(331, 1, 31, 332, '0986AF2317', '0986AF0030', '', '', ''),
(332, 1, 31, 333, '0986AF2317', '0986AF0047', '', '', ''),
(333, 1, 32, 334, '0986AF2317', '0986AF0047', '', '', ''),
(334, 1, 32, 335, '0986AF2317', '0986AF1001', '', '', ''),
(335, 1, 32, 336, '0986AF2317', '0986AF0047', '', '1987432426', ''),
(336, 1, 32, 337, '0986AF2311', '0986AF0059', '0986AF8119', '', ''),
(337, 1, 32, 338, '0986AF2311', '0986AF0059', '0986AF8119', '', ''),
(338, 1, 32, 339, '0986AF2311', '0986AF0059', '0986AF8119', '', ''),
(339, 1, 32, 340, '0986AF2211', '0986AF0047', '0986AF8119', '', ''),
(340, 1, 33, 341, '0986AF2211', '0986AF0059', '0986AF8119', '', '0986AF5447'),
(341, 1, 33, 342, '0986AF2311', '0986AF0059', '0986AF8119', '', ''),
(342, 1, 33, 343, '0986AF2311', '0986AF0047', '0986AF8119', '', ''),
(343, 1, 34, 344, '0986AF2318', '0986AF0030', '', '', ''),
(344, 1, 34, 345, '', '0986AF0030', '', '', ''),
(345, 1, 34, 346, '0986AF2318', '0986AF0030', '', '', ''),
(346, 1, 35, 347, '0986AF2311', '0986AF0030', '', '', ''),
(347, 1, 35, 348, '', '0986AF0030', '', '', ''),
(348, 1, 35, 349, '', '0986AF0030', '', '', ''),
(349, 1, 35, 350, '', '0986AF0030', '', '', ''),
(350, 1, 35, 351, '', '0986AF0030', '', '', ''),
(351, 1, 35, 352, '', '0986AF0030', '', '', ''),
(352, 1, 35, 353, '', '0986AF0030', '', '', '0986AF5447'),
(353, 1, 35, 354, '', '0986AF0030', '', '', ''),
(354, 1, 36, 355, '0986AF2316', '0986AF0059', '0986AF8120', '0986AF5434', ''),
(355, 1, 36, 356, '', '0986AF0055', '0986AF8120', '', ''),
(356, 1, 36, 357, '0986AF2328', '0986AF0030', '0986AF8120', '', ''),
(357, 1, 36, 358, '0986AF2328', '0986AF0030', '0986AF8120', '', ''),
(358, 1, 36, 359, '0986AF2329', '0986AF0062', '0986AF8125', '', ''),
(359, 1, 36, 360, '0986AF2329', '0986AF0062', '', '', ''),
(360, 1, 36, 361, '', '0986AF0059', '', '0986AF5435', ''),
(361, 1, 36, 362, '', '0986AF0059', '', '0986AF5435', ''),
(362, 1, 36, 363, '', '0986AF0059', '', '0986AF5436', ''),
(363, 1, 36, 364, '0986AF2311', '0986AF0059', '', '0986AF5436', ''),
(364, 1, 37, 365, '0986AF2218', '0986AF0059', '986450220', '0986AF5413', ''),
(365, 1, 37, 366, '', '0986AF0059', '986450220', '0986AF5413', ''),
(366, 1, 37, 367, '', '0986AF0059', '986450230', '1987432183', ''),
(367, 1, 37, 368, '0986AF2218', '0986AF0059', '', '0986AF5413', ''),
(368, 1, 37, 369, '', '0986AF0053', '986450230', '0986AF5413', ''),
(369, 1, 37, 370, '', '0986AF0059', '986450220', '0986AF5413', ''),
(370, 1, 37, 371, '0986AF2218', '0986AF0059', '986450220', '0986AF5413', ''),
(371, 1, 37, 372, '', '0986AF0053', '986450220', '0986AF5413', ''),
(372, 1, 38, 373, '0986AF2310', '0986AF0062', '0986AF8125', '', ''),
(373, 1, 38, 374, '0986AF2313', '0986AF0062', '0986AF8125', '', '0986AF5449'),
(374, 1, 38, 375, '', '0986AF0061', '', '1987432172', '0986AF5449'),
(375, 1, 38, 376, '', '0986AF0062', '', '1987432172', '0986AF5449'),
(376, 1, 38, 377, '', '0986AF0062', '', '', ''),
(377, 1, 38, 378, '', '', '0986AF8059', '', '0986AF4057'),
(378, 1, 38, 379, '0986AF2309', '0986AF0061', '0986AF8059', '', '0986AF4057'),
(379, 1, 38, 380, '0986AF2309', '0986AF0061', '0986AF8159', '', ''),
(380, 1, 39, 381, '', '0986AF0062', '0986AF8125', '', '0986AF5449'),
(381, 1, 39, 382, '', '', '0986AF8159', '', '0986AF5449'),
(382, 1, 39, 383, '', '', '0986AF8159', '', ''),
(383, 1, 39, 384, '', '0986AF0062', '0986AF8159', '', ''),
(384, 1, 39, 385, '', '0986AF0062', '0986AF8159', '', ''),
(385, 1, 39, 386, '0986AF2312', '0986AF0062', '', '', ''),
(386, 1, 39, 387, '', '0986AF0071', '', '', ''),
(387, 1, 40, 388, '', '0986AF0062', '0986AF8125', '', ''),
(388, 1, 40, 389, '', '0986AF0062', '0986AF8125', '', ''),
(389, 1, 40, 390, '', '0986AF0062', '0986AF8125', '', ''),
(390, 1, 40, 391, '', '0986AF0062', '0986AF8125', '', ''),
(391, 1, 40, 392, '', '0986AF0030', '', '', ''),
(392, 1, 40, 393, '0986AF2317', '0986AF0030', '', '', ''),
(393, 1, 40, 394, '0986AF2317', '0986AF0030', '', '', ''),
(394, 1, 41, 395, '0986AF2433', '', '', '', ''),
(395, 1, 41, 396, '', '0986AF0070', '0986AF8125', '', ''),
(396, 1, 42, 397, '', '0986AF0053', '', '', ''),
(397, 1, 43, 398, '0986AF2311', '0986AF0047', '', '', ''),
(398, 1, 43, 399, '0986AF2311', '0986AF0059', '', '', ''),
(399, 3, 1, 2, 'S0730A', 'S2030R1', 'S1502B', '', ''),
(400, 3, 1, 3, 'S0946A1', 'S6620R', 'S1502B', '', ''),
(401, 3, 1, 4, 'S0730A', 'S2030R1', 'S1502B', '', ''),
(402, 3, 1, 6, 'S0946A1', 'S6620R', 'S1502B', '', ''),
(403, 3, 1, 7, 'S0946A1', 'S6620R', 'S1502B', '', ''),
(404, 3, 1, 9, 'S0658A', 'S2030R1', '', 'S0806C', ''),
(405, 3, 1, 8, 'S3365A', 'S5040PE', '', '', ''),
(406, 3, 1, 11, 'S0658A', 'S6620R', 'S1718B', 'S0806C', ''),
(407, 3, 1, 10, 'S0658A', 'S2030R1', '', '', ''),
(408, 3, 1, 20, 'S3029A', 'S2030R1', 'S1500B', 'S0805C', ''),
(409, 3, 1, 15, 'S3029A', 'S2030R1', 'S1500B', 'S0805C', ''),
(410, 3, 1, 12, 'S0658A', 'S6620R', '', 'S0806C', ''),
(411, 3, 1, 17, 'S3029A', 'S6620R', 'S1500B', 'S0805C', ''),
(412, 3, 1, 26, 'S0631A', '', 'S1831B', 'S0825C', ''),
(413, 3, 1, 27, '', '', 'S1831B', '', ''),
(414, 3, 1, 25, 'S0631A', 'S0517PE', 'S1830B', 'S0825C', ''),
(415, 3, 2, 51, '', 'S5002PE', 'S1841B', '', ''),
(416, 3, 2, 50, '', 'S5002PE', 'S1841B', '', ''),
(417, 3, 2, 48, '', 'S5002PE', 'S1841B', '', ''),
(418, 3, 3, 65, 'S3991A', 'S5004PE', 'S1847B', 'S4108CA', ''),
(419, 3, 3, 59, 'S7636A', 'S5004PE', 'S1847B', 'S3158C', ''),
(420, 3, 3, 63, 'S7595A', '', '', '', ''),
(421, 3, 3, 60, 'S7394A', 'S5008PE', '', 'S3158C', ''),
(422, 3, 3, 67, 'S3991A', 'S5004PE', 'S1847B', 'S4108CA', ''),
(423, 3, 3, 81, '', 'S5038PE', 'S1847B', 'S4128CA', ''),
(424, 3, 4, 131, 'S4020A', 'S2030R1', 'S1833B', 'S0835C', ''),
(425, 3, 4, 87, '', '', 'S1915B', '', ''),
(426, 3, 4, 85, '', 'S2030R1', 'S1500B', '', ''),
(427, 3, 4, 86, '', 'S2030R1', 'S1500B', '', ''),
(428, 3, 4, 92, 'S0621A', 'S2030R1', 'S1500B', 'S3175C', ''),
(429, 3, 4, 95, 'S3077A', 'S2030R1', 'S1718B', 'S0806C', ''),
(430, 3, 4, 88, 'S0609A', 'S5011PE', 'S4415NR', 'S0823C', ''),
(431, 3, 4, 91, 'S0621A', 'S2030R1', 'S1500B', '', ''),
(432, 3, 4, 90, 'S3061A', 'S2030R1', 'S1502B', '', ''),
(433, 3, 4, 89, 'S3061A', 'S2030R1', 'S1500B', '', ''),
(434, 3, 4, 98, 'S3029A', 'S2030R1', 'S1500B', 'S0801C', ''),
(435, 3, 4, 99, 'S3029A', 'S6620R', 'S1500B', 'S0801C', ''),
(436, 3, 4, 103, 'S0606A', 'S1310R', 'S1832B', 'S0813C', ''),
(437, 3, 4, 104, 'S8402A', 'S2030R1', 'S1833B', 'S0813C', ''),
(438, 3, 4, 105, 'S0650A', 'S0519PE', 'S1832B', 'S0813C', ''),
(439, 3, 4, 102, 'S3029A', 'S6620R', 'S1500B', 'S0801C', ''),
(440, 3, 4, 101, 'S3029A', 'S6620R', 'S1500B', 'S0801C', ''),
(441, 3, 4, 100, 'S3365A', 'S6620R1', 'S1500B', 'S0801C', ''),
(442, 3, 4, 96, 'S3077A1', 'S2030R1', 'S1718B', 'S0806C', ''),
(443, 3, 4, 97, 'S3077A1', 'S5011PE', 'S4391NR', 'S0806C', ''),
(444, 3, 4, 112, 'S3077A', 'S2030R1', 'S1718B', 'S0806C', ''),
(445, 3, 4, 107, 'S0652A', 'S2030R1', 'S1710B', '', ''),
(446, 3, 4, 106, 'S4020A', 'S2030R1', 'S1833B', 'S0835C', '');

-- --------------------------------------------------------

--
-- 表的结构 `spark`
--

CREATE TABLE IF NOT EXISTS `spark` (
  `spark_id` int(11) NOT NULL auto_increment,
  `brand_id` int(11) NOT NULL,
  `style_id` int(11) NOT NULL,
  `supply_id` int(11) NOT NULL,
  `output_volumn` varchar(4) NOT NULL,
  `motor` varchar(30) NOT NULL,
  `year` varchar(30) NOT NULL,
  `remark` varchar(50) default NULL,
  `xun_sn` varchar(30) default NULL,
  `xun_type` varchar(30) default NULL,
  `chao_sn` varchar(30) default NULL,
  `chao_type` varchar(30) default NULL,
  `rui_sn` varchar(30) default NULL,
  `rui_type` varchar(30) default NULL,
  PRIMARY KEY  (`spark_id`)
) ENGINE=InnoDB  DEFAULT CHARSET=utf8 AUTO_INCREMENT=2 ;

--
-- 导出表中的数据 `spark`
--

INSERT INTO `spark` (`spark_id`, `brand_id`, `style_id`, `supply_id`, `output_volumn`, `motor`, `year`, `remark`, `xun_sn`, `xun_type`, `chao_sn`, `chao_type`, `rui_sn`, `rui_type`) VALUES
(1, 1, 2, 1, '', 'JW', '', '', '', '', '', '', '', '');

-- --------------------------------------------------------

--
-- 表的结构 `style`
--

CREATE TABLE IF NOT EXISTS `style` (
  `style_id` int(11) NOT NULL auto_increment,
  `brand_id` int(11) NOT NULL,
  `style_name` varchar(100) NOT NULL,
  `style_img` varchar(100) default NULL,
  PRIMARY KEY  (`style_id`),
  UNIQUE KEY `style_name` (`style_name`)
) ENGINE=InnoDB  DEFAULT CHARSET=utf8 AUTO_INCREMENT=401 ;

--
-- 导出表中的数据 `style`
--

INSERT INTO `style` (`style_id`, `brand_id`, `style_name`, `style_img`) VALUES
(2, 1, '奥迪 100 1.8', NULL),
(3, 1, '奥迪 100 2.6E', NULL),
(4, 1, '奥迪 100 2.2E', NULL),
(5, 1, '奥迪 200 1.8i Turbo', NULL),
(6, 1, '奥迪 200 2.4i', NULL),
(7, 1, '奥迪 200 2.6i', NULL),
(8, 1, '奥迪 A4 2.0', NULL),
(9, 1, '奥迪 A4 1.8 T', NULL),
(10, 1, '奥迪 A4 1.8i Turbo', NULL),
(11, 1, '奥迪 A4 3.0i quattro', NULL),
(12, 1, '奥迪 A4 2.4', NULL),
(13, 1, '奥迪 A4 2.0 TFSI', NULL),
(14, 1, '奥迪 A4 3.2 FSI quattro', NULL),
(15, 1, '奥迪 A6 1.8 T', NULL),
(16, 1, '奥迪 A6 2.7 Biturbo quattro', NULL),
(17, 1, '奥迪 A6 2.4', NULL),
(18, 1, '奥迪 A6 3.0', NULL),
(19, 1, '奥迪 A6 3.0 quattro', NULL),
(20, 1, '奥迪 A6 1.8i', NULL),
(21, 1, '奥迪 A6 1.8i Turbo', NULL),
(22, 1, '奥迪 A6 2.4i', NULL),
(23, 1, '奥迪 A6 2.8i', NULL),
(24, 1, '奥迪 A6 2.7 Avant Biturbo quattro', NULL),
(25, 1, '奥迪 A6L 2.4', NULL),
(26, 1, '奥迪 A6L 3.0i', NULL),
(27, 1, '奥迪 A6L 4.2i', NULL),
(28, 1, '奥迪 A6L 2.8 FSI quattro', NULL),
(29, 1, '奥迪 A8 2.8', NULL),
(30, 1, '奥迪 A8 3.7 quattro', NULL),
(31, 1, '奥迪 A8 4.2 quattro', NULL),
(32, 1, '奥迪 A8 3.0', NULL),
(33, 1, '奥迪 A8 6.0 quattro', NULL),
(34, 1, '奥迪 A8 3.0 quattro', NULL),
(35, 1, '奥迪 A8 3.2 FSI', NULL),
(36, 1, '奥迪 Q7 4.2 FSI', NULL),
(37, 1, '奥迪 Q7 3.6 FSI', NULL),
(38, 1, '奥迪 S8 5.2 FSI quattro', NULL),
(39, 1, '奥迪 TT 3.2 Coupe quattro', NULL),
(40, 1, '奥迪 TT 2.0 TFSI Coupe', NULL),
(41, 2, '奔驰 CLK 230 KOMPRESSOR Cabrio', NULL),
(42, 2, '奔驰 E 200', NULL),
(43, 2, '奔驰 E 200 KOMPRESSOR', NULL),
(44, 2, '奔驰 E 240', NULL),
(45, 2, '奔驰 E 320', NULL),
(47, 2, '奔驰 S 320', NULL),
(48, 2, '奔驰 S 500', NULL),
(50, 2, '奔驰 S 600', NULL),
(51, 2, '奔驰 S 350', NULL),
(53, 2, '奔驰 SLK 230 KOMPRESSOR', NULL),
(54, 2, '奔驰 SL 500', NULL),
(55, 2, '奔驰 SL 350', NULL),
(56, 3, '宝马 130 i', NULL),
(57, 3, '宝马 120 i', NULL),
(58, 3, '宝马 330 i', NULL),
(59, 3, '宝马 325 i', NULL),
(60, 3, '宝马 318 i', NULL),
(61, 3, '宝马 330 Ci Coupe', NULL),
(62, 3, '宝马 325 Ci Coupe', NULL),
(63, 3, '宝马 320 i', NULL),
(64, 3, '宝马 545 i', NULL),
(65, 3, '宝马 530 i', NULL),
(66, 3, '宝马 523 i', NULL),
(67, 3, '宝马 520 i', NULL),
(68, 3, '宝马 525 i', NULL),
(69, 3, '宝马 550 i', NULL),
(70, 3, '宝马 523 Li', NULL),
(71, 3, '宝马 525 Li', NULL),
(72, 3, '宝马 530 Li', NULL),
(73, 3, '宝马 645 Ci Cabrio', NULL),
(74, 3, '宝马 630 i Cabrio', NULL),
(75, 3, '宝马 M 6 Cabrio', NULL),
(76, 3, '宝马 728 i,iL', NULL),
(77, 3, '宝马 735 i', NULL),
(78, 3, '宝马 745 Li', NULL),
(79, 3, '宝马 760 Li', NULL),
(80, 3, '宝马 730 Li', NULL),
(81, 3, '宝马 X 5 4.8 is', NULL),
(82, 3, '宝马 Z 3 3.0 i Coupe', NULL),
(83, 3, '宝马 Z 4 sDrive 23 i', NULL),
(84, 3, '宝马 Z 4 sDrive 30 i', NULL),
(85, 4, '大众 捷达化油器', NULL),
(86, 4, '大众 捷达电喷 5V', NULL),
(87, 4, '大众 捷达王 2V 新捷达', NULL),
(88, 4, '大众 捷达柴油车', NULL),
(89, 4, '大众 桑塔纳化油器', NULL),
(90, 4, '大众 桑塔纳 2000电喷', NULL),
(91, 4, '大众 桑塔纳 2000超人 新秀', NULL),
(92, 4, '大众 桑塔纳 3000 1.8i 老款', NULL),
(93, 4, '大众 桑塔纳 3000 1.8i 2.0i 新款', NULL),
(94, 4, '大众 桑塔纳 志俊', NULL),
(95, 4, '大众 宝来 1.6i,1.8i', NULL),
(96, 4, '大众 宝来 1.8T 涡轮增压', NULL),
(97, 4, '大众 宝来 1.9 TDI 柴油', NULL),
(98, 4, '大众 帕萨特 1.8i 1.8T 2.0i', NULL),
(99, 4, '大众 帕萨特 2.8i', NULL),
(100, 4, '大众 帕萨特 新领驭1.8T', NULL),
(101, 4, '大众 帕萨特 新领驭2.0L', NULL),
(102, 4, '大众 帕萨特 新领驭2.8L', NULL),
(103, 4, '大众 Polo波罗 1.4i (两厢)', NULL),
(104, 4, '大众 Polo波罗 1.6i (两厢)', NULL),
(105, 4, '大众 Polo波罗 1.4i 劲情劲取', NULL),
(106, 4, '大众 开迪 1.6i', NULL),
(107, 4, '大众 高尔 1.6L', NULL),
(108, 4, '大众 高尔 2.0 SDI', NULL),
(109, 4, '大众 都市高尔夫 1.6', NULL),
(110, 4, '大众 高尔夫三代 2.0i', NULL),
(111, 4, '大众 高尔夫三代 2.8i VR6', NULL),
(112, 4, '大众 高尔夫IV 1.6i, 1.8i, 2.0i', NULL),
(113, 4, '大众 迈腾 1.8T', NULL),
(114, 4, '大众 迈腾 2.0i', NULL),
(115, 4, '大众 迈腾 2.0T', NULL),
(116, 4, '大众 迈腾 1.8TFSI', NULL),
(117, 4, '大众 速腾 1.6i, 2.0i 小卡钳', NULL),
(118, 4, '大众 速腾 1.8i', NULL),
(119, 4, '大众 速腾 1.8TFSI 2.0 大卡钳', NULL),
(120, 4, '大众 迈腾 2.0L', NULL),
(122, 4, '大众 迈腾 1.8 Tsi', NULL),
(123, 4, '大众 速腾 1.4Tsi', NULL),
(124, 4, '大众 速腾 1.6L', NULL),
(125, 4, '大众 速腾 1.8T', NULL),
(126, 4, '大众 速腾 2.0L', NULL),
(127, 4, '大众 朗逸 1.6L', NULL),
(128, 4, '大众 途观 1.8L ,1.8T', NULL),
(129, 4, '大众 途观 2.0L ,2.0T', NULL),
(130, 4, '大众 逍客', NULL),
(131, 4, '大众 途安 1.8i Turbo, Touran 2.0i', NULL),
(132, 5, '斯柯达 明锐 1.6i, 1.8i', NULL),
(133, 5, '斯柯达 明锐 2.0i', NULL),
(134, 6, '别克 新世纪 2.5i, 3.0i', NULL),
(135, 6, '别克 君威 2.0i 2.5 2008以前', NULL),
(136, 6, '别克 君威 2.5i, 3.0i 新款', NULL),
(137, 6, '别克 赛欧 1.6i, 1.6i Hatchback', NULL),
(138, 6, '别克 赛欧 1.6i 8V, 1.6i SRV 新赛欧', NULL),
(139, 6, '别克 凯越 1.6i, 1.6i HRV 1.8i 老07年以前', NULL),
(140, 6, '别克 新凯越 1.6i, 1.6i HRV 1.8i 新07年以后', NULL),
(141, 6, '别克 别克 GL8 2.5i', NULL),
(142, 6, '别克 别克 GL8 路尊 3.0i', NULL),
(143, 6, '别克 别克新 GL8 2.4i', NULL),
(144, 6, '别克 别克新 GL8 3.0L', NULL),
(145, 6, '别克 英朗 XT 1.8L', NULL),
(146, 6, '别克 君越 2.4i', NULL),
(147, 6, '别克 君越 3.0i', NULL),
(148, 6, '别克 君越 2.4i 3.0 新款', NULL),
(149, 6, '别克 君越 2.4i 3.0 第一代 老款', NULL),
(150, 7, '雪佛兰 乐骋 1.4i Hatchback', NULL),
(151, 7, '雪佛兰 乐骋 1.6L', NULL),
(152, 7, '雪佛兰 乐驰 0.8L 6v sohc L3', NULL),
(153, 7, '雪佛兰 乐驰 1.0L 16v dohc L4', NULL),
(154, 7, '雪佛兰 乐驰 1.0L 8v sohc L4', NULL),
(155, 7, '雪佛兰 乐驰 1.2L 16v dohc L4', NULL),
(156, 7, '雪佛兰 开拓者 2.4i', NULL),
(157, 7, '雪佛兰 景程 2.0i', NULL),
(158, 7, '雪佛兰 景程 2.5i', NULL),
(159, 7, '雪佛兰 新景程', NULL),
(160, 7, '雪佛兰 新景程 1.8L', NULL),
(161, 7, '雪佛兰 乐风 1.4i, 1.6i', NULL),
(162, 7, '雪佛兰 雪佛兰乐驰 0.8i, 1.0i', NULL),
(163, 8, '中华 骏捷 1.6Li 大盘', NULL),
(164, 8, '中华 骏捷 1.8L', NULL),
(165, 8, '中华 骏捷 2.0L', NULL),
(166, 8, '中华 尊驰 1.8 2.0i 2.4i 大盘', NULL),
(167, 8, '中华 中华 2.4i 小盘 老款', NULL),
(168, 9, '本田 雅阁 2.0 2.2 2.3 98款 1998年-2002年', NULL),
(169, 9, '本田 雅阁 3.0 98款 1998年-2003年', NULL),
(170, 9, '本田 雅阁03款 5代 6代 7代 2003年-2007年', NULL),
(171, 9, '本田 雅阁08款 8代 2008年以后', NULL),
(172, 9, '本田 思迪 1.3 前盘后盘', NULL),
(173, 9, '本田 思域98款 1998年-2002年', NULL),
(174, 9, '本田 思域 1.8i 2002-2005年', NULL),
(175, 9, '本田 思域 1.8i 06款', NULL),
(176, 9, '本田 CR-V 2.0i 2.4 05款 2005-2007', NULL),
(177, 9, '本田 新CR-V 2.0i 2.4 08款 2008以后', NULL),
(178, 9, '本田 锋范 1.5', NULL),
(179, 9, '本田 锋范 1.8', NULL),
(180, 9, '本田 里程 3.0L', NULL),
(181, 9, '本田 飞度 1.3i 1.5 2003-2007 前盘后鼓', NULL),
(182, 9, '本田 新飞度 1.3i 1.5 2008以后 前盘后盘', NULL),
(183, 9, '本田 飞度 1.3i', NULL),
(184, 9, '本田 飞度 1.5i', NULL),
(185, 9, '本田 奥德赛 2.3 2.4 03款 05款 2007年以前', NULL),
(186, 9, '本田 奥德赛 2.3 2.4 2007年以后', NULL),
(187, 10, '雪铁龙 爱丽舍 1.6i（老）', NULL),
(188, 10, '雪铁龙 爱丽舍 1.6i 16V（新）', NULL),
(189, 10, '雪铁龙 毕加索 赛纳 1.6i 老款', NULL),
(190, 10, '雪铁龙 毕加索 赛纳 1.6i 新款', NULL),
(191, 10, '雪铁龙 毕加索 1.8 2.0 赛纳 手动挡', NULL),
(192, 10, '雪铁龙 毕加索 1.8 2.0 赛纳 自动挡', NULL),
(193, 10, '雪铁龙 C5 2.0L/2.2L', NULL),
(194, 10, '雪铁龙 C5 2.9L 24v dohc V6', NULL),
(195, 10, '雪铁龙 富康 1.4i 8V, 非ABS老款', NULL),
(196, 10, '雪铁龙 凯旋', NULL),
(197, 10, '雪铁龙 世嘉', NULL),
(198, 10, '雪铁龙 富康 1.6 8V 非ABS老款', NULL),
(199, 10, '雪铁龙 富康电喷 ZX1.4 1.6i ABS', NULL),
(200, 11, '克鲁兹 克鲁兹 1.6L', NULL),
(201, 12, '标志 206 C2 1.4i', NULL),
(202, 12, '标志 C2 206 1.6i', NULL),
(203, 12, '标志 307新款 1.6i 16V 2006年5月以后', NULL),
(204, 12, '标志 307新款 2.0i 2006年5月以后', NULL),
(205, 12, '标志 307老款 2.0i 2006年5月以前', NULL),
(206, 12, '标志 307老款 2.0i 16V 2006年5月以前', NULL),
(207, 12, '标志 408 1.6L/2.0L', NULL),
(208, 13, 'MG 名爵 3 1.4', NULL),
(209, 13, 'MG 名爵 3 1.8', NULL),
(210, 13, 'MG 名爵 7 1.8T', NULL),
(211, 14, '荣威 荣威 550 1.8T', NULL),
(212, 14, '荣威 荣威 750 1.8T', NULL),
(213, 14, '荣威 荣威 750 2.5T', NULL),
(214, 15, '力帆 力帆 520 非ABS款', NULL),
(215, 15, '力帆 力帆 520 ABS款', NULL),
(216, 16, '福特 嘉年华 1.3i 1.5 1.6', NULL),
(217, 16, '福特 新嘉年华', NULL),
(218, 16, '福特 福克斯 1.8i 2.0（09年款前）', NULL),
(219, 16, '福特 福克斯 1.8i 2.0（11年款）', NULL),
(220, 16, '福特 S-MAX', NULL),
(221, 16, '福特 蒙迪欧 2.0i 04款', NULL),
(222, 16, '福特 蒙迪欧 2.3i（新）05款', NULL),
(223, 16, '福特 蒙迪欧 2.5i（新）05款', NULL),
(224, 16, '福特 蒙迪欧 2.5i 老款V6 进口 林肯 翼虎 金牛', NULL),
(225, 16, '福特 蒙迪欧 致胜 08款(10款不适用)', NULL),
(226, 17, '沃尔沃 S40', NULL),
(227, 18, '马自达 海福星 1.6', NULL),
(228, 18, '马自达 马自达 2 劲翔 1.3', NULL),
(229, 18, '马自达 马自达 3 1.6i', NULL),
(230, 18, '马自达 马自达 3 2.0i', NULL),
(231, 18, '马自达 普力马 1.8 新款', NULL),
(232, 18, '马自达 普力马 1.8i 老款', NULL),
(233, 18, '马自达 福美来 1.6i, 1.8i', NULL),
(234, 18, '马自达 马自达 323 1.3i 1.6i', NULL),
(235, 18, '马自达 马自达 6 2.0i 老款', NULL),
(236, 18, '马自达 马自达 6 2.3i 老款', NULL),
(237, 18, '马自达 马自达 6 2.3i 新款 新马6', NULL),
(238, 19, '红旗 红旗 7180 1.8i 前盘后鼓', NULL),
(239, 19, '红旗 7220 2.2i E 前盘后鼓', NULL),
(240, 19, '红旗 世纪星 2.0i 前盘后鼓', NULL),
(241, 19, '红旗 世纪星 2.0i 前盘后盘', NULL),
(242, 19, '红旗 明仕 1.8i 前盘后鼓', NULL),
(243, 19, '红旗 明仕 1.8i 前盘后盘', NULL),
(244, 19, '红旗 红旗 HQ3 3.0i 4.3i', NULL),
(245, 20, '华普 华普海域 MA1.3i, MA1.5i, M1.5i 203', NULL),
(246, 21, '现代 雅绅特 1.4', NULL),
(247, 21, '现代 伊兰特 1.6i, 1.8i', NULL),
(248, 21, '现代 伊兰特 悦动', NULL),
(249, 21, '现代 御翔 2.4i NF', NULL),
(250, 21, '现代 圣达菲 老款 03以前', NULL),
(251, 21, '现代 圣达菲 新款 03以后', NULL),
(252, 21, '现代 索纳塔 2.0i, 2.5i, 2.7i', NULL),
(253, 21, '现代 特拉卡 2.5 柴油', NULL),
(254, 21, '现代 特拉卡 3. 4WD', NULL),
(255, 21, '现代 途胜 2.0i 4WD, 2.7i 4WD', NULL),
(256, 22, '起亚 嘉华 II 2.7 3.5i 进口款', NULL),
(257, 22, '起亚 赛拉图 1.6i 1.8i', NULL),
(258, 22, '起亚 远舰 2.0i', NULL),
(259, 22, '起亚 普莱特 1.4i', NULL),
(260, 22, '起亚 千里马 1.3i, 1.6i', NULL),
(261, 22, '起亚 锐欧 1.4', NULL),
(262, 23, '尼桑 天籁 2.3i', NULL),
(263, 23, '尼桑 骏逸 1.8i', NULL),
(265, 23, '尼桑 奇骏', NULL),
(266, 23, '尼桑 颐达', NULL),
(267, 23, '尼桑 骐达 1.6', NULL),
(268, 23, '尼桑 轩逸 1.6i', NULL),
(269, 23, '尼桑 轩逸 2.0i', NULL),
(270, 23, '尼桑 骊威 1.6i', NULL),
(271, 23, '尼桑 帕拉丁 2.4i 4WD', NULL),
(272, 23, '尼桑 帕拉丁 3.3i 4WD', NULL),
(273, 23, '尼桑 蓝鸟', NULL),
(274, 23, '尼桑 阳光 2.0i', NULL),
(275, 23, '尼桑 风度 A32 A33', NULL),
(276, 24, '比亚迪 F3 1.6i', NULL),
(277, 24, '比亚迪 福莱尔 0.8i 前盘后鼓', NULL),
(278, 25, '丰田 凯美瑞 2.4i 2006.5以后', NULL),
(279, 25, '丰田 佳美 2.4i 2.0i,V3 16V 2001.8-2006.1', NULL),
(280, 25, '丰田 佳美 2.2i V2 16V 1996.8-2001.9', NULL),
(281, 25, '丰田 佳美 3.0i V2 24V 1996.8-2001.9', NULL),
(282, 25, '丰田 佳美 2.2i 3.0 V1 1991.6-1996.8', NULL),
(283, 25, '丰田 花冠 1.5.E10 1991.6-1995.5', NULL),
(284, 25, '丰田 花冠 1.8 1.6 1995.5-2004.2', NULL),
(285, 25, '丰田 花冠 1.8 1.6 2004.3-2007.12', NULL),
(286, 25, '丰田 卡罗拉 2004.2以后', NULL),
(287, 25, '丰田 新花冠 1.8. 2008年以后', NULL),
(288, 25, '丰田 陆地巡洋舰 3400', NULL),
(289, 25, '丰田 陆地巡洋舰 4500', NULL),
(290, 25, '丰田 陆地巡洋舰 4700', NULL),
(291, 25, '丰田 霸道 普拉多 2.7', NULL),
(292, 25, '丰田 霸道 普拉多 4.0i 4WD', NULL),
(293, 25, '丰田 大霸王 2000.2-2003.4之间', NULL),
(294, 25, '丰田 大霸王 2003.4-2007 之间', NULL),
(295, 25, '丰田 普锐斯 1.5i', NULL),
(296, 25, '丰田 锐志 2.5i 3.0i 05款', NULL),
(297, 25, '丰田 新皇冠 2.5i 3.0i 新款2005以后', NULL),
(298, 25, '丰田 老皇冠 3.0 JZS133/MS125', NULL),
(299, 25, '丰田 老皇冠 3.0 JZS155', NULL),
(300, 25, '丰田 凌志 LS400 WF10', NULL),
(301, 25, '丰田 威驰 1.3i,1.5i 老款2002-2006.7前盘后鼓', NULL),
(302, 25, '丰田 威驰 1.3i,1.5i 新款2006.7以后 前盘后盘', NULL),
(303, 26, '一汽 威乐 1.3i,1.5i ,1.6i', NULL),
(304, 26, '一汽 威姿 1.0i,1.3,', NULL),
(305, 26, '一汽 威姿 1.5i', NULL),
(306, 26, '一汽 威志 1.3i', NULL),
(307, 26, '一汽 威志 1.4i', NULL),
(308, 27, '夏利 夏利 1.0 三缸', NULL),
(309, 27, '夏利 夏利 1.1 四缸', NULL),
(310, 27, '夏利 夏利 2000 1.3i', NULL),
(311, 27, '夏利 金夏利 1.1 1.3 1.4', NULL),
(312, 28, '吉利 吉利 1.0i,', NULL),
(313, 28, '吉利 金刚 1.5i', NULL),
(314, 28, '吉利 豪情 1.0i, 1.3i, 1.5i,', NULL),
(315, 28, '吉利 自由舰 1.3i, 1.5i, 1.6i', NULL),
(316, 28, '吉利 吉利美人豹 1.8i', NULL),
(317, 28, '吉利 美日之风 1.3i/04美日, 1.3i 2000/04美日', NULL),
(318, 28, '吉利 远景 1.8i', NULL),
(319, 28, '吉利 优利欧 1.3,', NULL),
(320, 29, '江淮 瑞风 2.0i 2.4i', NULL),
(321, 29, '江淮 瑞风 2.5 柴油', NULL),
(322, 30, '江铃 陆风 2.0i', NULL),
(323, 30, '江铃 陆风 2.8 柴油', NULL),
(324, 30, '江铃 陆风 X6 新款', NULL),
(325, 30, '江铃 宝典', NULL),
(326, 30, '江铃 宝威 2.2 Diesel 4WD', NULL),
(327, 31, '东南 富利卡 非ABS', NULL),
(328, 31, '东南 富利卡 ABS款', NULL),
(329, 31, '东南 得利卡', NULL),
(330, 31, '东南 菱帅 1.6i老款', NULL),
(331, 31, '东南 菱帅 1.6i新款 新菱帅', NULL),
(332, 31, '东南 菱悦 V3', NULL),
(333, 31, '东南 菱绅 2.4i', NULL),
(334, 32, '三菱 戈蓝 Grunder 2.4i', NULL),
(335, 32, '三菱 蓝瑟 1.6i', NULL),
(336, 32, '三菱 欧蓝德 2.4i 4WD', NULL),
(337, 32, '三菱 帕杰罗 2.4i V31', NULL),
(338, 32, '三菱 帕杰罗 2.4i V32', NULL),
(339, 32, '三菱 帕杰罗 2.4i V33', NULL),
(340, 32, '三菱 帕杰罗 3.0i V 73 V6 V77', NULL),
(341, 33, '猎豹 猎豹 V31', NULL),
(342, 33, '猎豹 猎豹 2.0i V32', NULL),
(343, 33, '猎豹 猎豹 2.4i, 3.0i V33', NULL),
(344, 34, '东风 风行 1.8i,小卡钳', NULL),
(345, 34, '东风 风行菱通先锋版 2.0 大卡钳', NULL),
(346, 34, '东风 风行 2.0i,2.4i 大卡钳', NULL),
(347, 35, '长城 哈弗 2.4i', NULL),
(348, 35, '长城 塞弗', NULL),
(349, 35, '长城 风骏 四驱', NULL),
(350, 35, '长城 骑士', NULL),
(351, 35, '长城 迪尔 两驱', NULL),
(352, 35, '长城 迪尔 四驱 08款', NULL),
(353, 35, '长城 赛铃', NULL),
(354, 35, '长城 赛酷', NULL),
(355, 36, '奇瑞 东方之子 1.8 2.0i 2.4', NULL),
(356, 36, '奇瑞 风云 1.6i', NULL),
(357, 36, '奇瑞 旗云 1.6i', NULL),
(358, 36, '奇瑞 新旗云 1.6i 新款', NULL),
(359, 36, '奇瑞 QQ 0.8i', NULL),
(360, 36, '奇瑞 QQ 1.1i', NULL),
(361, 36, '奇瑞 瑞虎 1.6i', NULL),
(362, 36, '奇瑞 瑞虎 2.0i, 2.4i 4x4', NULL),
(363, 36, '奇瑞 V5 2.0i 2.4 老款', NULL),
(364, 36, '奇瑞 V5 2.0 2.4i 新款', NULL),
(365, 37, '菲亚特 派里奥 1.2 MPI 8V, 1.5 MPI', NULL),
(366, 37, '菲亚特 派里奥 1.3i MPI 16V', NULL),
(367, 37, '菲亚特 派里奥 Weekend 1.3i MPI 16V', NULL),
(368, 37, '菲亚特 派里奥 Weekend 1.3i MPI 8V', NULL),
(369, 37, '菲亚特 派里奥 Weekend 1.5 MPI, 1.7 MPI', NULL),
(370, 37, '菲亚特 西耶那 1.2 MPI 8V', NULL),
(371, 37, '菲亚特 西耶那 1.3i MPI 16V', NULL),
(372, 37, '菲亚特 西耶那 1.5 MPI', NULL),
(373, 38, '长安铃木 长安之星 1.0i 1.3', NULL),
(374, 38, '长安铃木 奥托 0.8i', NULL),
(375, 38, '长安铃木 天语 SX4', NULL),
(376, 38, '长安铃木 羚羊', NULL),
(377, 38, '长安铃木 奔奔', NULL),
(378, 38, '长安铃木 雨燕 1.0i 6V', NULL),
(379, 38, '长安铃木 雨燕 1.3i 8V', NULL),
(380, 38, '长安铃木 雨燕 1.0 1.3i 8V', NULL),
(381, 39, '昌河铃木 昌河 1.0', NULL),
(382, 39, '昌河铃木 利亚纳', NULL),
(383, 39, '昌河铃木 浪迪', NULL),
(384, 39, '昌河铃木 爱迪尔 1.0 1.1i 小鼓', NULL),
(385, 39, '昌河铃木 爱迪尔 1.0 1.1i 大鼓', NULL),
(386, 39, '昌河铃木 北斗星 1.0i, 1.2i', NULL),
(387, 39, '昌河铃木 北斗星 1.4i', NULL),
(388, 40, '哈飞 佳宝 1.0', NULL),
(389, 40, '哈飞 民意 第一代', NULL),
(390, 40, '哈飞 新民意', NULL),
(391, 40, '哈飞 路宝 1.0i, 1.1i,哈飞民意 1.0i, 1,1i', NULL),
(392, 40, '哈飞 赛豹 1.6i, 2.0i', NULL),
(393, 40, '哈飞 哈飞赛马 1.3i', NULL),
(394, 40, '哈飞 哈飞赛马 1.6i', NULL),
(395, 41, '五菱 五菱鸿途/五菱荣光/五菱之光', NULL),
(396, 41, '五菱 6360系列0.8i, 1.0i, 五菱阳光1.0i, 1.1i', NULL),
(397, 42, '南京 优尼柯 1.5i', NULL),
(398, 43, '中兴 金狮 2.4i, 3.0i 4WD, 4.0i 4WD', NULL),
(399, 43, '中兴 金狮 2.4i 4WD, 无限 2.4', NULL);

-- --------------------------------------------------------

--
-- 表的结构 `supply`
--

CREATE TABLE IF NOT EXISTS `supply` (
  `supply_id` int(11) NOT NULL auto_increment,
  `supply_name` varchar(50) NOT NULL,
  `supply_img` varchar(100) default NULL,
  PRIMARY KEY  (`supply_id`),
  UNIQUE KEY `supply_name` (`supply_name`)
) ENGINE=InnoDB  DEFAULT CHARSET=utf8 AUTO_INCREMENT=12 ;

--
-- 导出表中的数据 `supply`
--

INSERT INTO `supply` (`supply_id`, `supply_name`, `supply_img`) VALUES
(1, '博世', 'images/bosch.gif'),
(2, '原厂', 'images/genuine.gif'),
(3, '索菲玛', 'images/sofima.gif'),
(4, '马勒', 'images/mahle.gif'),
(5, '曼牌MANN', 'img/upload/supplies/120517222647_3808.gif'),
(6, '箭牌', 'img/upload/supplies/120520102219_4421.gif');
