truncate table brand;
truncate table style;
truncate table filter;
INSERT INTO brand(brand_id, brand_name) VALUES(1, '奥迪');
INSERT INTO style(style_id, brand_id, style_name, outter, motor, style_fullname) VALUES(1, 1, '奥迪A4', '1.8T(B6,B7)', 'BKB', '奥迪 奥迪A4 1.8T(B6,B7) BKB');
INSERT INTO filter(supply_id, brand_id, style_id, air, machine_oil, fuel_oil, air_condition_std, air_condition_carbon) VALUES(3, 1, 1, 'S0658A', 'S2030R1', '', '', 'S0806C');
INSERT INTO style(style_id, brand_id, style_name, outter, motor, style_fullname) VALUES(2, 1, '奥迪A4', '2.0T(B7)', 'BGB', '奥迪 奥迪A4 2.0T(B7) BGB');
INSERT INTO filter(supply_id, brand_id, style_id, air, machine_oil, fuel_oil, air_condition_std, air_condition_carbon) VALUES(3, 1, 2, 'S3365A', '', '', '', '');
INSERT INTO style(style_id, brand_id, style_name, outter, motor, style_fullname) VALUES(3, 1, '奥迪A4', '2.4L(B6)', 'DDV', '奥迪 奥迪A4 2.4L(B6) DDV');
INSERT INTO filter(supply_id, brand_id, style_id, air, machine_oil, fuel_oil, air_condition_std, air_condition_carbon) VALUES(3, 1, 3, 'S0658A', 'S6620R', '', '', 'S0806C');
INSERT INTO style(style_id, brand_id, style_name, outter, motor, style_fullname) VALUES(4, 1, '奥迪A4', '3.0L(B7)', 'BBJ', '奥迪 奥迪A4 3.0L(B7) BBJ');
INSERT INTO filter(supply_id, brand_id, style_id, air, machine_oil, fuel_oil, air_condition_std, air_condition_carbon) VALUES(3, 1, 4, 'S0658A', 'S6620R', 'S1718B', '', 'S0806C');
INSERT INTO style(style_id, brand_id, style_name, outter, motor, style_fullname) VALUES(5, 1, '奥迪A4', '3.0 quattro(B6)', 'BBJ', '奥迪 奥迪A4 3.0 quattro(B6) BBJ');
INSERT INTO filter(supply_id, brand_id, style_id, air, machine_oil, fuel_oil, air_condition_std, air_condition_carbon) VALUES(3, 1, 5, '', '', '', '', '');
INSERT INTO style(style_id, brand_id, style_name, outter, motor, style_fullname) VALUES(6, 1, '奥迪A4L', '1.8 TFSI(B8)', 'CCU', '奥迪 奥迪A4L 1.8 TFSI(B8) CCU');
INSERT INTO filter(supply_id, brand_id, style_id, air, machine_oil, fuel_oil, air_condition_std, air_condition_carbon) VALUES(3, 1, 6, '', '', '', '', '');
INSERT INTO style(style_id, brand_id, style_name, outter, motor, style_fullname) VALUES(7, 1, '奥迪A4L', '2.0 TFSI(B7)', 'CDZ/CAS', '奥迪 奥迪A4L 2.0 TFSI(B7) CDZ/CAS');
INSERT INTO filter(supply_id, brand_id, style_id, air, machine_oil, fuel_oil, air_condition_std, air_condition_carbon) VALUES(3, 1, 7, '', '', '', '', '');
INSERT INTO style(style_id, brand_id, style_name, outter, motor, style_fullname) VALUES(8, 1, '奥迪A6', '1.8T', 'AWL', '奥迪 奥迪A6 1.8T AWL');
INSERT INTO filter(supply_id, brand_id, style_id, air, machine_oil, fuel_oil, air_condition_std, air_condition_carbon) VALUES(3, 1, 8, 'S3029A', 'S2030R1', 'S1500B', '', 'S0805C');
INSERT INTO style(style_id, brand_id, style_name, outter, motor, style_fullname) VALUES(9, 1, '奥迪A6', '2.4L', 'BDV,APS', '奥迪 奥迪A6 2.4L BDV,APS');
INSERT INTO filter(supply_id, brand_id, style_id, air, machine_oil, fuel_oil, air_condition_std, air_condition_carbon) VALUES(3, 1, 9, 'S3029A', 'S6620R', 'S1500B', '', 'S0805C');
INSERT INTO style(style_id, brand_id, style_name, outter, motor, style_fullname) VALUES(10, 1, '奥迪A6', '2.8L', 'BBG', '奥迪 奥迪A6 2.8L BBG');
INSERT INTO filter(supply_id, brand_id, style_id, air, machine_oil, fuel_oil, air_condition_std, air_condition_carbon) VALUES(3, 1, 10, 'S3029A', 'S6620R', 'S1500B', '', 'S0805C');
INSERT INTO style(style_id, brand_id, style_name, outter, motor, style_fullname) VALUES(11, 1, '奥迪A6L', '2.0 TFSI', 'BPJ', '奥迪 奥迪A6L 2.0 TFSI BPJ');
INSERT INTO filter(supply_id, brand_id, style_id, air, machine_oil, fuel_oil, air_condition_std, air_condition_carbon) VALUES(3, 1, 11, 'S5302A', 'S5040PE', 'S1831B', '', 'S0805C');
INSERT INTO style(style_id, brand_id, style_name, outter, motor, style_fullname) VALUES(12, 1, '奥迪A6L', '2.4L', 'BDW', '奥迪 奥迪A6L 2.4L BDW');
INSERT INTO filter(supply_id, brand_id, style_id, air, machine_oil, fuel_oil, air_condition_std, air_condition_carbon) VALUES(3, 1, 12, 'S0631A', 'S0517PE', 'S1830B', '', 'S0805C');
INSERT INTO style(style_id, brand_id, style_name, outter, motor, style_fullname) VALUES(13, 1, '奥迪A6L', '2.8 FSI', 'BDX/CCE', '奥迪 奥迪A6L 2.8 FSI BDX/CCE');
INSERT INTO filter(supply_id, brand_id, style_id, air, machine_oil, fuel_oil, air_condition_std, air_condition_carbon) VALUES(3, 1, 13, '', '', '', '', '');
INSERT INTO style(style_id, brand_id, style_name, outter, motor, style_fullname) VALUES(14, 1, '奥迪A6L', '2.8 FSI quattro', '', '奥迪 奥迪A6L 2.8 FSI quattro ');
INSERT INTO filter(supply_id, brand_id, style_id, air, machine_oil, fuel_oil, air_condition_std, air_condition_carbon) VALUES(3, 1, 14, '', '', '', '', '');
INSERT INTO style(style_id, brand_id, style_name, outter, motor, style_fullname) VALUES(15, 1, '奥迪A6L', '30 FSI(2.5L)', '', '奥迪 奥迪A6L 30 FSI(2.5L) ');
INSERT INTO filter(supply_id, brand_id, style_id, air, machine_oil, fuel_oil, air_condition_std, air_condition_carbon) VALUES(3, 1, 15, '', '', '', '', '');
INSERT INTO style(style_id, brand_id, style_name, outter, motor, style_fullname) VALUES(16, 1, '奥迪Q3', '2.0T', '', '奥迪 奥迪Q3 2.0T ');
INSERT INTO filter(supply_id, brand_id, style_id, air, machine_oil, fuel_oil, air_condition_std, air_condition_carbon) VALUES(3, 1, 16, '', '', '', '', '');
INSERT INTO style(style_id, brand_id, style_name, outter, motor, style_fullname) VALUES(17, 1, '奥迪Q5', '2.0 TFSI', 'CAD', '奥迪 奥迪Q5 2.0 TFSI CAD');
INSERT INTO filter(supply_id, brand_id, style_id, air, machine_oil, fuel_oil, air_condition_std, air_condition_carbon) VALUES(3, 1, 17, '', '', '', '', '');
INSERT INTO brand(brand_id, brand_name) VALUES(2, '大众');
INSERT INTO style(style_id, brand_id, style_name, outter, motor, style_fullname) VALUES(18, 2, 'Polo波罗', '1.4L', 'BCC/BNG', '大众 Polo波罗 1.4L BCC/BNG');
INSERT INTO filter(supply_id, brand_id, style_id, air, machine_oil, fuel_oil, air_condition_std, air_condition_carbon) VALUES(3, 2, 18, 'S0606A', 'S1310R', 'S1832B', '', 'S0813C');
INSERT INTO style(style_id, brand_id, style_name, outter, motor, style_fullname) VALUES(19, 2, 'Polo波罗', '1.6L', 'BMH', '大众 Polo波罗 1.6L BMH');
INSERT INTO filter(supply_id, brand_id, style_id, air, machine_oil, fuel_oil, air_condition_std, air_condition_carbon) VALUES(3, 2, 19, 'S8402A', 'S2030R1', 'S1833B', '', 'S0813C');
INSERT INTO style(style_id, brand_id, style_name, outter, motor, style_fullname) VALUES(20, 2, '新Polo波罗', '1.4L', 'CLP', '大众 新Polo波罗 1.4L CLP');
INSERT INTO filter(supply_id, brand_id, style_id, air, machine_oil, fuel_oil, air_condition_std, air_condition_carbon) VALUES(3, 2, 20, '', 'S3494R', '', '', '');
INSERT INTO style(style_id, brand_id, style_name, outter, motor, style_fullname) VALUES(21, 2, '新Polo波罗', '1.6L', 'CLS', '大众 新Polo波罗 1.6L CLS');
INSERT INTO filter(supply_id, brand_id, style_id, air, machine_oil, fuel_oil, air_condition_std, air_condition_carbon) VALUES(3, 2, 21, '', 'S3494R', '', '', '');
INSERT INTO style(style_id, brand_id, style_name, outter, motor, style_fullname) VALUES(22, 2, 'Polo劲取劲情', '1.4L', 'BMG,CDE', '大众 Polo劲取劲情 1.4L BMG,CDE');
INSERT INTO filter(supply_id, brand_id, style_id, air, machine_oil, fuel_oil, air_condition_std, air_condition_carbon) VALUES(3, 2, 22, 'S0650A', 'S2030R1', 'S1832B', '', 'S0813C');
INSERT INTO style(style_id, brand_id, style_name, outter, motor, style_fullname) VALUES(23, 2, 'Polo劲取劲情', '1.6L', 'BMG,CDE', '大众 Polo劲取劲情 1.6L BMG,CDE');
INSERT INTO filter(supply_id, brand_id, style_id, air, machine_oil, fuel_oil, air_condition_std, air_condition_carbon) VALUES(3, 2, 23, 'S0650A', 'S2030R1', 'S1833B', '', 'S0813C');
INSERT INTO style(style_id, brand_id, style_name, outter, motor, style_fullname) VALUES(24, 2, '新Polo劲取劲情(09年后)', '1.4L', 'BMG,CDE', '大众 新Polo劲取劲情(09年后) 1.4L BMG,CDE');
INSERT INTO filter(supply_id, brand_id, style_id, air, machine_oil, fuel_oil, air_condition_std, air_condition_carbon) VALUES(3, 2, 24, 'S0650A', 'S2030R1', 'S1832B', '', 'S0813C');
INSERT INTO style(style_id, brand_id, style_name, outter, motor, style_fullname) VALUES(25, 2, '新Polo劲取劲情(09年后)', '1.6L', 'BMG,CDE', '大众 新Polo劲取劲情(09年后) 1.6L BMG,CDE');
INSERT INTO filter(supply_id, brand_id, style_id, air, machine_oil, fuel_oil, air_condition_std, air_condition_carbon) VALUES(3, 2, 25, 'S0650A', 'S2030R1', 'S1833B', '', 'S0813C');
INSERT INTO style(style_id, brand_id, style_name, outter, motor, style_fullname) VALUES(26, 2, 'CrossPolo', '1.6L', 'CDE', '大众 CrossPolo 1.6L CDE');
INSERT INTO filter(supply_id, brand_id, style_id, air, machine_oil, fuel_oil, air_condition_std, air_condition_carbon) VALUES(3, 2, 26, '', '', '', '', '');
INSERT INTO style(style_id, brand_id, style_name, outter, motor, style_fullname) VALUES(27, 2, '朗逸', '1.4TSI', 'CFB', '大众 朗逸 1.4TSI CFB');
INSERT INTO filter(supply_id, brand_id, style_id, air, machine_oil, fuel_oil, air_condition_std, air_condition_carbon) VALUES(3, 2, 27, '', '', '', '', '');
INSERT INTO style(style_id, brand_id, style_name, outter, motor, style_fullname) VALUES(28, 2, '朗逸(CDE发动机)', '1.6L', 'CDE', '大众 朗逸(CDE发动机) 1.6L CDE');
INSERT INTO filter(supply_id, brand_id, style_id, air, machine_oil, fuel_oil, air_condition_std, air_condition_carbon) VALUES(3, 2, 28, 'S3435A', 'S0519PE', 'S1833B', '', 'S0813C');
INSERT INTO style(style_id, brand_id, style_name, outter, motor, style_fullname) VALUES(29, 2, '朗逸(CDE发动机 09年后)', '1.6L', 'CDE', '大众 朗逸(CDE发动机 09年后) 1.6L CDE');
INSERT INTO filter(supply_id, brand_id, style_id, air, machine_oil, fuel_oil, air_condition_std, air_condition_carbon) VALUES(3, 2, 29, 'S3435A', 'S2030R1', 'S1833B', '', 'S0813C');
INSERT INTO style(style_id, brand_id, style_name, outter, motor, style_fullname) VALUES(30, 2, '朗逸', '1.6L', 'CFN/CLS', '大众 朗逸 1.6L CFN/CLS');
INSERT INTO filter(supply_id, brand_id, style_id, air, machine_oil, fuel_oil, air_condition_std, air_condition_carbon) VALUES(3, 2, 30, 'S0650A', 'S0519PE', 'S1833B', '', 'S0813C');
INSERT INTO style(style_id, brand_id, style_name, outter, motor, style_fullname) VALUES(31, 2, '朗逸(09年后)', '1.6L', 'CFN/CLS', '大众 朗逸(09年后) 1.6L CFN/CLS');
INSERT INTO filter(supply_id, brand_id, style_id, air, machine_oil, fuel_oil, air_condition_std, air_condition_carbon) VALUES(3, 2, 31, 'S0650A', 'S2030R1', 'S1833B', '', 'S0813C');
INSERT INTO style(style_id, brand_id, style_name, outter, motor, style_fullname) VALUES(32, 2, '朗逸', '2.0L', 'CEN', '大众 朗逸 2.0L CEN');
INSERT INTO filter(supply_id, brand_id, style_id, air, machine_oil, fuel_oil, air_condition_std, air_condition_carbon) VALUES(3, 2, 32, 'S4020A', 'S2030R1', 'S1833B', '', 'S0835C');
INSERT INTO style(style_id, brand_id, style_name, outter, motor, style_fullname) VALUES(33, 2, '帕萨特', '1.4T', '', '大众 帕萨特 1.4T ');
INSERT INTO filter(supply_id, brand_id, style_id, air, machine_oil, fuel_oil, air_condition_std, air_condition_carbon) VALUES(3, 2, 33, '', '', '', '', '');
INSERT INTO style(style_id, brand_id, style_name, outter, motor, style_fullname) VALUES(34, 2, '帕萨特', '1.8L(B5)', 'ANQ', '大众 帕萨特 1.8L(B5) ANQ');
INSERT INTO filter(supply_id, brand_id, style_id, air, machine_oil, fuel_oil, air_condition_std, air_condition_carbon) VALUES(3, 2, 34, 'S3029A', 'S2030R1', 'S1500B', '', 'S0801C');
INSERT INTO style(style_id, brand_id, style_name, outter, motor, style_fullname) VALUES(35, 2, '帕萨特', '1.8T(B5)', 'BGC', '大众 帕萨特 1.8T(B5) BGC');
INSERT INTO filter(supply_id, brand_id, style_id, air, machine_oil, fuel_oil, air_condition_std, air_condition_carbon) VALUES(3, 2, 35, 'S3029A', 'S2030R1', 'S1500B', '', 'S0801C');
INSERT INTO style(style_id, brand_id, style_name, outter, motor, style_fullname) VALUES(36, 2, '帕萨特', '2.0T(B5)', 'BEF', '大众 帕萨特 2.0T(B5) BEF');
INSERT INTO filter(supply_id, brand_id, style_id, air, machine_oil, fuel_oil, air_condition_std, air_condition_carbon) VALUES(3, 2, 36, '', '', '', '', '');
INSERT INTO style(style_id, brand_id, style_name, outter, motor, style_fullname) VALUES(37, 2, '帕萨特', '3.0L', '', '大众 帕萨特 3.0L ');
INSERT INTO filter(supply_id, brand_id, style_id, air, machine_oil, fuel_oil, air_condition_std, air_condition_carbon) VALUES(3, 2, 37, '', '', '', '', '');
INSERT INTO style(style_id, brand_id, style_name, outter, motor, style_fullname) VALUES(38, 2, '帕萨特新领驭', '1.8T(B5)', 'BGC', '大众 帕萨特新领驭 1.8T(B5) BGC');
INSERT INTO filter(supply_id, brand_id, style_id, air, machine_oil, fuel_oil, air_condition_std, air_condition_carbon) VALUES(3, 2, 38, 'S3029A', 'S6620R1', 'S1500B', '', 'S0801C');
INSERT INTO style(style_id, brand_id, style_name, outter, motor, style_fullname) VALUES(39, 2, '帕萨特新领驭', '2.0L(B5)', 'BNL', '大众 帕萨特新领驭 2.0L(B5) BNL');
INSERT INTO filter(supply_id, brand_id, style_id, air, machine_oil, fuel_oil, air_condition_std, air_condition_carbon) VALUES(3, 2, 39, 'S3029A', 'S6620R', 'S1500B', '', 'S0801C');
INSERT INTO style(style_id, brand_id, style_name, outter, motor, style_fullname) VALUES(40, 2, '帕萨特新领驭', '2.8L', 'L4', '大众 帕萨特新领驭 2.8L L4');
INSERT INTO filter(supply_id, brand_id, style_id, air, machine_oil, fuel_oil, air_condition_std, air_condition_carbon) VALUES(3, 2, 40, 'S3029A', 'S6620R', 'S1500B', '', 'S0801C');
INSERT INTO style(style_id, brand_id, style_name, outter, motor, style_fullname) VALUES(41, 2, '桑塔纳(普桑)', '', '', '大众 桑塔纳(普桑)  ');
INSERT INTO filter(supply_id, brand_id, style_id, air, machine_oil, fuel_oil, air_condition_std, air_condition_carbon) VALUES(3, 2, 41, '', '', '', '', '');
INSERT INTO style(style_id, brand_id, style_name, outter, motor, style_fullname) VALUES(42, 2, '桑塔纳2000', '1.8L', 'AFB/AJP/AYJ', '大众 桑塔纳2000 1.8L AFB/AJP/AYJ');
INSERT INTO filter(supply_id, brand_id, style_id, air, machine_oil, fuel_oil, air_condition_std, air_condition_carbon) VALUES(3, 2, 42, 'S3061A', 'S2030R1', 'S1500B', '', '');
INSERT INTO style(style_id, brand_id, style_name, outter, motor, style_fullname) VALUES(43, 2, '桑塔纳2000时代超人', '1.8L', 'AJR/AYJ', '大众 桑塔纳2000时代超人 1.8L AJR/AYJ');
INSERT INTO filter(supply_id, brand_id, style_id, air, machine_oil, fuel_oil, air_condition_std, air_condition_carbon) VALUES(3, 2, 43, 'S0621A', 'S2030R1', 'S1500B', '', '');
INSERT INTO style(style_id, brand_id, style_name, outter, motor, style_fullname) VALUES(44, 2, '桑塔纳3000', '1.8L', 'AYJ/BKT/BKU', '大众 桑塔纳3000 1.8L AYJ/BKT/BKU');
INSERT INTO filter(supply_id, brand_id, style_id, air, machine_oil, fuel_oil, air_condition_std, air_condition_carbon) VALUES(3, 2, 44, 'S0621A', 'S2030R1', 'S1500B', '', '');
INSERT INTO style(style_id, brand_id, style_name, outter, motor, style_fullname) VALUES(45, 2, '桑塔纳志俊Vista', '1.6L/1.8L/2.0L', 'BKU/BTL', '大众 桑塔纳志俊Vista 1.6L/1.8L/2.0L BKU/BTL');
INSERT INTO filter(supply_id, brand_id, style_id, air, machine_oil, fuel_oil, air_condition_std, air_condition_carbon) VALUES(3, 2, 45, '', '', '', '', '');
INSERT INTO style(style_id, brand_id, style_name, outter, motor, style_fullname) VALUES(46, 2, '途安', '1.4T', 'CFB', '大众 途安 1.4T CFB');
INSERT INTO filter(supply_id, brand_id, style_id, air, machine_oil, fuel_oil, air_condition_std, air_condition_carbon) VALUES(3, 2, 46, '', '', '', '', '');
INSERT INTO style(style_id, brand_id, style_name, outter, motor, style_fullname) VALUES(47, 2, '途安', '1.8T', 'BPL', '大众 途安 1.8T BPL');
INSERT INTO filter(supply_id, brand_id, style_id, air, machine_oil, fuel_oil, air_condition_std, air_condition_carbon) VALUES(3, 2, 47, 'S4020A', 'S2030R1', 'S1833B', '', 'S0835C');
INSERT INTO style(style_id, brand_id, style_name, outter, motor, style_fullname) VALUES(48, 2, '途安', '2.0L', 'BJZ', '大众 途安 2.0L BJZ');
INSERT INTO filter(supply_id, brand_id, style_id, air, machine_oil, fuel_oil, air_condition_std, air_condition_carbon) VALUES(3, 2, 48, 'S4020A', 'S2030R1', 'S1833B', '', 'S0835C');
INSERT INTO style(style_id, brand_id, style_name, outter, motor, style_fullname) VALUES(49, 2, '途观', '1.4T', '', '大众 途观 1.4T ');
INSERT INTO filter(supply_id, brand_id, style_id, air, machine_oil, fuel_oil, air_condition_std, air_condition_carbon) VALUES(3, 2, 49, '', '', '', '', '');
INSERT INTO style(style_id, brand_id, style_name, outter, motor, style_fullname) VALUES(50, 2, '途观', '1.8T', 'CEA', '大众 途观 1.8T CEA');
INSERT INTO filter(supply_id, brand_id, style_id, air, machine_oil, fuel_oil, air_condition_std, air_condition_carbon) VALUES(3, 2, 50, '', '', '', '', '');
INSERT INTO style(style_id, brand_id, style_name, outter, motor, style_fullname) VALUES(51, 2, '途观', '2.0T', 'CGM', '大众 途观 2.0T CGM');
INSERT INTO filter(supply_id, brand_id, style_id, air, machine_oil, fuel_oil, air_condition_std, air_condition_carbon) VALUES(3, 2, 51, '', '', '', '', '');
INSERT INTO style(style_id, brand_id, style_name, outter, motor, style_fullname) VALUES(52, 2, '高尔', '1.6L', 'BHJ', '大众 高尔 1.6L BHJ');
INSERT INTO filter(supply_id, brand_id, style_id, air, machine_oil, fuel_oil, air_condition_std, air_condition_carbon) VALUES(3, 2, 52, 'S0652A', 'S2030R1', 'S1710B', '', '');
INSERT INTO style(style_id, brand_id, style_name, outter, motor, style_fullname) VALUES(53, 2, '宝来', '1.6L', 'AWB', '大众 宝来 1.6L AWB');
INSERT INTO filter(supply_id, brand_id, style_id, air, machine_oil, fuel_oil, air_condition_std, air_condition_carbon) VALUES(3, 2, 53, 'S3077A', 'S2030R1', 'S1718B', '', 'S0806C');
INSERT INTO style(style_id, brand_id, style_name, outter, motor, style_fullname) VALUES(54, 2, '宝来', '1.8L', 'BAF', '大众 宝来 1.8L BAF');
INSERT INTO filter(supply_id, brand_id, style_id, air, machine_oil, fuel_oil, air_condition_std, air_condition_carbon) VALUES(3, 2, 54, 'S3077A', 'S2030R1', 'S1718B', '', 'S0806C');
INSERT INTO style(style_id, brand_id, style_name, outter, motor, style_fullname) VALUES(55, 2, '宝来', '1.8T', 'BAE', '大众 宝来 1.8T BAE');
INSERT INTO filter(supply_id, brand_id, style_id, air, machine_oil, fuel_oil, air_condition_std, air_condition_carbon) VALUES(3, 2, 55, 'S3077A1', 'S2030R1', 'S1718B', '', 'S0806C');
INSERT INTO style(style_id, brand_id, style_name, outter, motor, style_fullname) VALUES(56, 2, '宝来', '1.9TDI(1.9L)', 'ATD', '大众 宝来 1.9TDI(1.9L) ATD');
INSERT INTO filter(supply_id, brand_id, style_id, air, machine_oil, fuel_oil, air_condition_std, air_condition_carbon) VALUES(3, 2, 56, 'S3077A1', 'S5011PE', 'S4391NR', '', 'S0806C');
INSERT INTO style(style_id, brand_id, style_name, outter, motor, style_fullname) VALUES(57, 2, '新宝来', '1.4T', 'CFB', '大众 新宝来 1.4T CFB');
INSERT INTO filter(supply_id, brand_id, style_id, air, machine_oil, fuel_oil, air_condition_std, air_condition_carbon) VALUES(3, 2, 57, '', '', '', '', '');
INSERT INTO style(style_id, brand_id, style_name, outter, motor, style_fullname) VALUES(58, 2, '新宝来', '1.6L', 'BWG', '大众 新宝来 1.6L BWG');
INSERT INTO filter(supply_id, brand_id, style_id, air, machine_oil, fuel_oil, air_condition_std, air_condition_carbon) VALUES(3, 2, 58, '', '', '', '', '');
INSERT INTO style(style_id, brand_id, style_name, outter, motor, style_fullname) VALUES(59, 2, 'CC', '1.8T', '', '大众 CC 1.8T ');
INSERT INTO filter(supply_id, brand_id, style_id, air, machine_oil, fuel_oil, air_condition_std, air_condition_carbon) VALUES(3, 2, 59, '', '', '', '', '');
INSERT INTO style(style_id, brand_id, style_name, outter, motor, style_fullname) VALUES(60, 2, 'CC', '2.0T', '', '大众 CC 2.0T ');
INSERT INTO filter(supply_id, brand_id, style_id, air, machine_oil, fuel_oil, air_condition_std, air_condition_carbon) VALUES(3, 2, 60, '', '', '', '', '');
INSERT INTO style(style_id, brand_id, style_name, outter, motor, style_fullname) VALUES(61, 2, '高尔夫', '1.4T', 'CFB', '大众 高尔夫 1.4T CFB');
INSERT INTO filter(supply_id, brand_id, style_id, air, machine_oil, fuel_oil, air_condition_std, air_condition_carbon) VALUES(3, 2, 61, '', '', '', '', '');
INSERT INTO style(style_id, brand_id, style_name, outter, motor, style_fullname) VALUES(62, 2, '高尔夫', '1.6L', 'CDE', '大众 高尔夫 1.6L CDE');
INSERT INTO filter(supply_id, brand_id, style_id, air, machine_oil, fuel_oil, air_condition_std, air_condition_carbon) VALUES(3, 2, 62, 'S3077A', 'S2030R1', 'S1718B', '', 'S0806C');
INSERT INTO style(style_id, brand_id, style_name, outter, motor, style_fullname) VALUES(63, 2, '捷达化油器', '1.6L', 'ATK', '大众 捷达化油器 1.6L ATK');
INSERT INTO filter(supply_id, brand_id, style_id, air, machine_oil, fuel_oil, air_condition_std, air_condition_carbon) VALUES(3, 2, 63, 'S3123A', 'S2030R1', 'S1500B', '', 'S0823C');
INSERT INTO style(style_id, brand_id, style_name, outter, motor, style_fullname) VALUES(64, 2, '捷达电喷5V', '1.6L', 'ANL', '大众 捷达电喷5V 1.6L ANL');
INSERT INTO filter(supply_id, brand_id, style_id, air, machine_oil, fuel_oil, air_condition_std, air_condition_carbon) VALUES(3, 2, 64, 'S3123A', 'S2030R1', 'S1500B', '', '');
INSERT INTO style(style_id, brand_id, style_name, outter, motor, style_fullname) VALUES(65, 2, '捷达王GT GTX AT', '1.6L', 'AHP(L4 20)', '大众 捷达王GT GTX AT 1.6L AHP(L4 20)');
INSERT INTO filter(supply_id, brand_id, style_id, air, machine_oil, fuel_oil, air_condition_std, air_condition_carbon) VALUES(3, 2, 65, 'S0946A1', 'S2030R1', 'S1500B', '', 'S0823C');
INSERT INTO style(style_id, brand_id, style_name, outter, motor, style_fullname) VALUES(66, 2, '捷达柴油车', '1.9TDI(1.9L)', 'AQM', '大众 捷达柴油车 1.9TDI(1.9L) AQM');
INSERT INTO filter(supply_id, brand_id, style_id, air, machine_oil, fuel_oil, air_condition_std, air_condition_carbon) VALUES(3, 2, 66, 'S0609A', 'S5011PE', 'S4415NR', '', 'S0823C');
INSERT INTO style(style_id, brand_id, style_name, outter, motor, style_fullname) VALUES(67, 2, '迈腾', '1.4T', 'CFB', '大众 迈腾 1.4T CFB');
INSERT INTO filter(supply_id, brand_id, style_id, air, machine_oil, fuel_oil, air_condition_std, air_condition_carbon) VALUES(3, 2, 67, '', '', '', '', '');
INSERT INTO style(style_id, brand_id, style_name, outter, motor, style_fullname) VALUES(68, 2, '迈腾', '1.8T', 'BYJ', '大众 迈腾 1.8T BYJ');
INSERT INTO filter(supply_id, brand_id, style_id, air, machine_oil, fuel_oil, air_condition_std, air_condition_carbon) VALUES(3, 2, 68, 'S3304A', 'S0526R', 'S1840B', '', 'S0835C');
INSERT INTO style(style_id, brand_id, style_name, outter, motor, style_fullname) VALUES(69, 2, '迈腾', '2.0T', 'CBL', '大众 迈腾 2.0T CBL');
INSERT INTO filter(supply_id, brand_id, style_id, air, machine_oil, fuel_oil, air_condition_std, air_condition_carbon) VALUES(3, 2, 69, '', '', '', '', '');
INSERT INTO style(style_id, brand_id, style_name, outter, motor, style_fullname) VALUES(70, 2, '速腾', '1.4T', 'CFB', '大众 速腾 1.4T CFB');
INSERT INTO filter(supply_id, brand_id, style_id, air, machine_oil, fuel_oil, air_condition_std, air_condition_carbon) VALUES(3, 2, 70, '', '', '', '', '');
INSERT INTO style(style_id, brand_id, style_name, outter, motor, style_fullname) VALUES(71, 2, '速腾', '1.6L', 'AEH/BWH', '大众 速腾 1.6L AEH/BWH');
INSERT INTO filter(supply_id, brand_id, style_id, air, machine_oil, fuel_oil, air_condition_std, air_condition_carbon) VALUES(3, 2, 71, 'S4020A', 'S2030R1', 'S1833B', '', 'S0835C');
INSERT INTO style(style_id, brand_id, style_name, outter, motor, style_fullname) VALUES(72, 2, '速腾', '1.8T', 'BYJ', '大众 速腾 1.8T BYJ');
INSERT INTO filter(supply_id, brand_id, style_id, air, machine_oil, fuel_oil, air_condition_std, air_condition_carbon) VALUES(3, 2, 72, 'S4020A', 'S2030R1', 'S1833B', '', 'S0835C');
INSERT INTO style(style_id, brand_id, style_name, outter, motor, style_fullname) VALUES(73, 2, '速腾', '2.0L', 'BJZ', '大众 速腾 2.0L BJZ');
INSERT INTO filter(supply_id, brand_id, style_id, air, machine_oil, fuel_oil, air_condition_std, air_condition_carbon) VALUES(3, 2, 73, 'S4020A', 'S2030R1', 'S1833B', '', 'S0835C');
INSERT INTO style(style_id, brand_id, style_name, outter, motor, style_fullname) VALUES(74, 2, '开迪', '1.6L', 'BRY', '大众 开迪 1.6L BRY');
INSERT INTO filter(supply_id, brand_id, style_id, air, machine_oil, fuel_oil, air_condition_std, air_condition_carbon) VALUES(3, 2, 74, '', '', '', '', '');
INSERT INTO filter(supply_id, brand_id, style_id, air, machine_oil, fuel_oil, air_condition_std, air_condition_carbon) VALUES(1, 1, 1, '1457433046', '451103314', '450905318', '1987432071', '');
INSERT INTO filter(supply_id, brand_id, style_id, air, machine_oil, fuel_oil, air_condition_std, air_condition_carbon) VALUES(1, 1, 2, '1457433046', '', '', '1987432071', '');
INSERT INTO filter(supply_id, brand_id, style_id, air, machine_oil, fuel_oil, air_condition_std, air_condition_carbon) VALUES(1, 1, 3, '1457433046', '451103314', '450905318', '1987432071', '');
INSERT INTO filter(supply_id, brand_id, style_id, air, machine_oil, fuel_oil, air_condition_std, air_condition_carbon) VALUES(1, 1, 4, '', '', '', '', '');
INSERT INTO filter(supply_id, brand_id, style_id, air, machine_oil, fuel_oil, air_condition_std, air_condition_carbon) VALUES(1, 1, 5, '1457433046', '451103314', '450905318', '1987432071', '');
INSERT INTO filter(supply_id, brand_id, style_id, air, machine_oil, fuel_oil, air_condition_std, air_condition_carbon) VALUES(1, 1, 6, '', '', '', '', '');
INSERT INTO filter(supply_id, brand_id, style_id, air, machine_oil, fuel_oil, air_condition_std, air_condition_carbon) VALUES(1, 1, 7, '', '', '', '', '');
INSERT INTO filter(supply_id, brand_id, style_id, air, machine_oil, fuel_oil, air_condition_std, air_condition_carbon) VALUES(1, 1, 8, '0986AF2276', '451103314', '450905264', '', '1987432324');
INSERT INTO filter(supply_id, brand_id, style_id, air, machine_oil, fuel_oil, air_condition_std, air_condition_carbon) VALUES(1, 1, 9, '0986AF2276', '451103314', '450905264', '', '1987432324');
INSERT INTO filter(supply_id, brand_id, style_id, air, machine_oil, fuel_oil, air_condition_std, air_condition_carbon) VALUES(1, 1, 10, '0986AF2276', '451103314', '450905264', '', '1987432324');
INSERT INTO filter(supply_id, brand_id, style_id, air, machine_oil, fuel_oil, air_condition_std, air_condition_carbon) VALUES(1, 1, 11, '', '', '', '', '');
INSERT INTO filter(supply_id, brand_id, style_id, air, machine_oil, fuel_oil, air_condition_std, air_condition_carbon) VALUES(1, 1, 12, '0986AF2600', '0986AF1509', 'F026403003', '', '0986AF5433');
INSERT INTO filter(supply_id, brand_id, style_id, air, machine_oil, fuel_oil, air_condition_std, air_condition_carbon) VALUES(1, 1, 13, '', '', '', '', '');
INSERT INTO filter(supply_id, brand_id, style_id, air, machine_oil, fuel_oil, air_condition_std, air_condition_carbon) VALUES(1, 1, 14, '', '', '', '', '');
INSERT INTO filter(supply_id, brand_id, style_id, air, machine_oil, fuel_oil, air_condition_std, air_condition_carbon) VALUES(1, 1, 15, '', '', '', '', '');
INSERT INTO filter(supply_id, brand_id, style_id, air, machine_oil, fuel_oil, air_condition_std, air_condition_carbon) VALUES(1, 1, 16, '', '', '', '', '');
INSERT INTO filter(supply_id, brand_id, style_id, air, machine_oil, fuel_oil, air_condition_std, air_condition_carbon) VALUES(1, 1, 17, '', '', '', '', '');
INSERT INTO filter(supply_id, brand_id, style_id, air, machine_oil, fuel_oil, air_condition_std, air_condition_carbon) VALUES(1, 2, 18, '0986AF2279', '0986AF0198', '0986AF8129', '0986AF5410', '0986AF5430');
INSERT INTO filter(supply_id, brand_id, style_id, air, machine_oil, fuel_oil, air_condition_std, air_condition_carbon) VALUES(1, 2, 19, '0986AF2279', '0986AF0051', '0986AF8129', '0986AF5410', '0986AF5430');
INSERT INTO filter(supply_id, brand_id, style_id, air, machine_oil, fuel_oil, air_condition_std, air_condition_carbon) VALUES(1, 2, 20, '', '', '', '', '');
INSERT INTO filter(supply_id, brand_id, style_id, air, machine_oil, fuel_oil, air_condition_std, air_condition_carbon) VALUES(1, 2, 21, '', '', '', '', '');
INSERT INTO filter(supply_id, brand_id, style_id, air, machine_oil, fuel_oil, air_condition_std, air_condition_carbon) VALUES(1, 2, 22, '', '0986AF0028', '', '', '');
INSERT INTO filter(supply_id, brand_id, style_id, air, machine_oil, fuel_oil, air_condition_std, air_condition_carbon) VALUES(1, 2, 23, '', '0986AF0028', '', '', '');
INSERT INTO filter(supply_id, brand_id, style_id, air, machine_oil, fuel_oil, air_condition_std, air_condition_carbon) VALUES(1, 2, 24, '0986AF2282', '0986AF0051', '0986AF8114', '0986AF5410', '0986AF5430');
INSERT INTO filter(supply_id, brand_id, style_id, air, machine_oil, fuel_oil, air_condition_std, air_condition_carbon) VALUES(1, 2, 25, '0986AF2282', '0986AF0051', '0986AF8114', '0986AF5410', '0986AF5430');
INSERT INTO filter(supply_id, brand_id, style_id, air, machine_oil, fuel_oil, air_condition_std, air_condition_carbon) VALUES(1, 2, 26, '', '', '', '', '');
INSERT INTO filter(supply_id, brand_id, style_id, air, machine_oil, fuel_oil, air_condition_std, air_condition_carbon) VALUES(1, 2, 27, '', '', '', '', '');
INSERT INTO filter(supply_id, brand_id, style_id, air, machine_oil, fuel_oil, air_condition_std, air_condition_carbon) VALUES(1, 2, 28, '', '0986AF0051', '', '0986AF5410', '1987432300');
INSERT INTO filter(supply_id, brand_id, style_id, air, machine_oil, fuel_oil, air_condition_std, air_condition_carbon) VALUES(1, 2, 29, '', '0986AF0051', '', '0986AF5410', '');
INSERT INTO filter(supply_id, brand_id, style_id, air, machine_oil, fuel_oil, air_condition_std, air_condition_carbon) VALUES(1, 2, 30, '0986AF2282', '0986AF0051', '', '0986AF5410', '');
INSERT INTO filter(supply_id, brand_id, style_id, air, machine_oil, fuel_oil, air_condition_std, air_condition_carbon) VALUES(1, 2, 31, '0986AF2282', '0986AF0051', '', '0986AF5410', '');
INSERT INTO filter(supply_id, brand_id, style_id, air, machine_oil, fuel_oil, air_condition_std, air_condition_carbon) VALUES(1, 2, 32, '', '', '', '', '');
INSERT INTO filter(supply_id, brand_id, style_id, air, machine_oil, fuel_oil, air_condition_std, air_condition_carbon) VALUES(1, 2, 33, '', '', '', '', '');
INSERT INTO filter(supply_id, brand_id, style_id, air, machine_oil, fuel_oil, air_condition_std, air_condition_carbon) VALUES(1, 2, 34, '0986AF2276', '0986AF0051', '0986AF8120', '0986AF5412', '0986AF5428');
INSERT INTO filter(supply_id, brand_id, style_id, air, machine_oil, fuel_oil, air_condition_std, air_condition_carbon) VALUES(1, 2, 35, '0986AF2276', '0986AF0051', '0986AF8120', '0986AF5412', '0986AF5428');
INSERT INTO filter(supply_id, brand_id, style_id, air, machine_oil, fuel_oil, air_condition_std, air_condition_carbon) VALUES(1, 2, 36, '0986AF2276', '0986AF0051', '0986AF8120', '0986AF5412', '0986AF5428');
INSERT INTO filter(supply_id, brand_id, style_id, air, machine_oil, fuel_oil, air_condition_std, air_condition_carbon) VALUES(1, 2, 37, '', '', '', '', '');
INSERT INTO filter(supply_id, brand_id, style_id, air, machine_oil, fuel_oil, air_condition_std, air_condition_carbon) VALUES(1, 2, 38, '0986AF2427', '0986AF0051', '0986AF8120', '0986AF5412', '0986AF5428');
INSERT INTO filter(supply_id, brand_id, style_id, air, machine_oil, fuel_oil, air_condition_std, air_condition_carbon) VALUES(1, 2, 39, '0986AF2427', '0986AF0051', '0986AF8120', '0986AF5412', '0986AF5428');
INSERT INTO filter(supply_id, brand_id, style_id, air, machine_oil, fuel_oil, air_condition_std, air_condition_carbon) VALUES(1, 2, 40, '0986AF2427', '0986AF0066', '0986AF8120', '0986AF5412', '0986AF5428');
INSERT INTO style(style_id, brand_id, style_name, outter, motor, style_fullname) VALUES(75, 2, '桑塔纳', '', '', '大众 桑塔纳  ');
INSERT INTO filter(supply_id, brand_id, style_id, air, machine_oil, fuel_oil, air_condition_std, air_condition_carbon) VALUES(1, 2, 75, '', '', '', '', '');
INSERT INTO filter(supply_id, brand_id, style_id, air, machine_oil, fuel_oil, air_condition_std, air_condition_carbon) VALUES(1, 2, 42, '0986AF2274', '0986AF0054', '0986AF8120', '', '');
INSERT INTO filter(supply_id, brand_id, style_id, air, machine_oil, fuel_oil, air_condition_std, air_condition_carbon) VALUES(1, 2, 43, '0986AF2275', '0986AF0051', '0986AF8120', '', '');
INSERT INTO filter(supply_id, brand_id, style_id, air, machine_oil, fuel_oil, air_condition_std, air_condition_carbon) VALUES(1, 2, 44, '0986AF2275', '0986AF0054', '0986AF8120', '0986AF5429', '');
INSERT INTO filter(supply_id, brand_id, style_id, air, machine_oil, fuel_oil, air_condition_std, air_condition_carbon) VALUES(1, 2, 45, '0986AF2102', '0986AF0051', '0986AF8120', '0986AF5429', '');
INSERT INTO filter(supply_id, brand_id, style_id, air, machine_oil, fuel_oil, air_condition_std, air_condition_carbon) VALUES(1, 2, 46, '', '', '', '', '');
INSERT INTO filter(supply_id, brand_id, style_id, air, machine_oil, fuel_oil, air_condition_std, air_condition_carbon) VALUES(1, 2, 47, '', '', '', '', '');
INSERT INTO filter(supply_id, brand_id, style_id, air, machine_oil, fuel_oil, air_condition_std, air_condition_carbon) VALUES(1, 2, 48, '', '', '', '', '');
INSERT INTO filter(supply_id, brand_id, style_id, air, machine_oil, fuel_oil, air_condition_std, air_condition_carbon) VALUES(1, 2, 49, '', '', '', '', '');
INSERT INTO filter(supply_id, brand_id, style_id, air, machine_oil, fuel_oil, air_condition_std, air_condition_carbon) VALUES(1, 2, 50, '0986AF2438', 'F026407080', '450905959', '0986AF5431', '1987432097');
INSERT INTO filter(supply_id, brand_id, style_id, air, machine_oil, fuel_oil, air_condition_std, air_condition_carbon) VALUES(1, 2, 51, '0986AF2438', 'F026407080', '', '0986AF5431', '1987432097');
INSERT INTO filter(supply_id, brand_id, style_id, air, machine_oil, fuel_oil, air_condition_std, air_condition_carbon) VALUES(1, 2, 52, '0986AF2430', '0986AF0051', '', '', '');
INSERT INTO filter(supply_id, brand_id, style_id, air, machine_oil, fuel_oil, air_condition_std, air_condition_carbon) VALUES(1, 2, 53, '', '', '', '', '');
INSERT INTO filter(supply_id, brand_id, style_id, air, machine_oil, fuel_oil, air_condition_std, air_condition_carbon) VALUES(1, 2, 54, '0986AF2280', '0986AF0051', '0986AF8130', '', '0986AF5405');
INSERT INTO filter(supply_id, brand_id, style_id, air, machine_oil, fuel_oil, air_condition_std, air_condition_carbon) VALUES(1, 2, 55, '0986AF2281', '0986AF0051', '0986AF8130', '', '0986AF5405');
INSERT INTO filter(supply_id, brand_id, style_id, air, machine_oil, fuel_oil, air_condition_std, air_condition_carbon) VALUES(1, 2, 56, '0986AF2280', '0986AF0027', '', '', '0986AF5405');
INSERT INTO filter(supply_id, brand_id, style_id, air, machine_oil, fuel_oil, air_condition_std, air_condition_carbon) VALUES(1, 2, 57, '', '', '', '', '');
INSERT INTO filter(supply_id, brand_id, style_id, air, machine_oil, fuel_oil, air_condition_std, air_condition_carbon) VALUES(1, 2, 58, '', '', '', '', '');
INSERT INTO filter(supply_id, brand_id, style_id, air, machine_oil, fuel_oil, air_condition_std, air_condition_carbon) VALUES(1, 2, 59, '', '', '', '', '');
INSERT INTO filter(supply_id, brand_id, style_id, air, machine_oil, fuel_oil, air_condition_std, air_condition_carbon) VALUES(1, 2, 60, '', '', '', '', '');
INSERT INTO filter(supply_id, brand_id, style_id, air, machine_oil, fuel_oil, air_condition_std, air_condition_carbon) VALUES(1, 2, 61, '', '', '', '', '');
INSERT INTO filter(supply_id, brand_id, style_id, air, machine_oil, fuel_oil, air_condition_std, air_condition_carbon) VALUES(1, 2, 62, '', '', '0986AF8130', '', '0986AF5405');
INSERT INTO filter(supply_id, brand_id, style_id, air, machine_oil, fuel_oil, air_condition_std, air_condition_carbon) VALUES(1, 2, 63, '0986AF2273', '0986AF0052', '0986AF8128', '0986AF5403', '');
INSERT INTO filter(supply_id, brand_id, style_id, air, machine_oil, fuel_oil, air_condition_std, air_condition_carbon) VALUES(1, 2, 64, '0986AF2277', '0986AF0054', '0986AF8128', '0986AF5403', '');
INSERT INTO filter(supply_id, brand_id, style_id, air, machine_oil, fuel_oil, air_condition_std, air_condition_carbon) VALUES(1, 2, 65, '0986AF2278', '0986AF0051', '0986AF8128', '0986AF5403', '');
INSERT INTO filter(supply_id, brand_id, style_id, air, machine_oil, fuel_oil, air_condition_std, air_condition_carbon) VALUES(1, 2, 66, '0986AF2285', '0986AF0027', '', '0986AF5403', '');
INSERT INTO filter(supply_id, brand_id, style_id, air, machine_oil, fuel_oil, air_condition_std, air_condition_carbon) VALUES(1, 2, 67, '', '', '', '', '');
INSERT INTO filter(supply_id, brand_id, style_id, air, machine_oil, fuel_oil, air_condition_std, air_condition_carbon) VALUES(1, 2, 68, '0986AF2438', 'F026407080', '0986AF8114', '', '1987432397');
INSERT INTO filter(supply_id, brand_id, style_id, air, machine_oil, fuel_oil, air_condition_std, air_condition_carbon) VALUES(1, 2, 69, '0986AF2438', 'F026407080', '0986AF8114', '', '1987432397');
INSERT INTO filter(supply_id, brand_id, style_id, air, machine_oil, fuel_oil, air_condition_std, air_condition_carbon) VALUES(1, 2, 70, '0986AF2284', 'F026407079', '0986AF8114', '0986AF5431', '1987432097');
INSERT INTO filter(supply_id, brand_id, style_id, air, machine_oil, fuel_oil, air_condition_std, air_condition_carbon) VALUES(1, 2, 71, '0986AF2284', '0986AF0066', '0986AF8114', '0986AF5431', '1987432097');
INSERT INTO filter(supply_id, brand_id, style_id, air, machine_oil, fuel_oil, air_condition_std, air_condition_carbon) VALUES(1, 2, 72, '0986AF2284', 'F026407080', '0986AF8114', '0986AF5431', '1987432097');
INSERT INTO filter(supply_id, brand_id, style_id, air, machine_oil, fuel_oil, air_condition_std, air_condition_carbon) VALUES(1, 2, 73, '0986AF2284', '0986AF0066', '0986AF8114', '0986AF5431', '1987432097');
INSERT INTO filter(supply_id, brand_id, style_id, air, machine_oil, fuel_oil, air_condition_std, air_condition_carbon) VALUES(1, 2, 74, '0986AF2284', '0986AF0051', '0986AF8114', '0986AF5431', '0986AF5432');
INSERT INTO filter(supply_id, brand_id, style_id, air, machine_oil, fuel_oil, air_condition_std, air_condition_carbon) VALUES(4, 1, 1, 'LX819', 'OC527', '', 'LA622', '');
INSERT INTO filter(supply_id, brand_id, style_id, air, machine_oil, fuel_oil, air_condition_std, air_condition_carbon) VALUES(4, 1, 2, 'LX1253', '', '', 'LA622', '');
INSERT INTO filter(supply_id, brand_id, style_id, air, machine_oil, fuel_oil, air_condition_std, air_condition_carbon) VALUES(4, 1, 3, 'LX819', 'OC485', 'KL479', 'LA622', '');
INSERT INTO filter(supply_id, brand_id, style_id, air, machine_oil, fuel_oil, air_condition_std, air_condition_carbon) VALUES(4, 1, 4, '', 'OC485', 'KL479', 'LA622', '');
INSERT INTO filter(supply_id, brand_id, style_id, air, machine_oil, fuel_oil, air_condition_std, air_condition_carbon) VALUES(4, 1, 5, '', '', 'KL479', '', '');
INSERT INTO filter(supply_id, brand_id, style_id, air, machine_oil, fuel_oil, air_condition_std, air_condition_carbon) VALUES(4, 1, 6, '', '', '', 'LAK710', '');
INSERT INTO filter(supply_id, brand_id, style_id, air, machine_oil, fuel_oil, air_condition_std, air_condition_carbon) VALUES(4, 1, 7, 'LX1253', '', 'KL758', '', '');
INSERT INTO filter(supply_id, brand_id, style_id, air, machine_oil, fuel_oil, air_condition_std, air_condition_carbon) VALUES(4, 1, 8, 'LX 1681', '', 'KL450/1', '', '');
INSERT INTO filter(supply_id, brand_id, style_id, air, machine_oil, fuel_oil, air_condition_std, air_condition_carbon) VALUES(4, 1, 9, 'LX 1681', 'OC485', 'KL450/1', '', '');
INSERT INTO filter(supply_id, brand_id, style_id, air, machine_oil, fuel_oil, air_condition_std, air_condition_carbon) VALUES(4, 1, 10, 'LX 1681', 'OC485', 'KL450/1', '', '');
INSERT INTO filter(supply_id, brand_id, style_id, air, machine_oil, fuel_oil, air_condition_std, air_condition_carbon) VALUES(4, 1, 11, 'LX1253', 'OX 690D ECO', '', '', '');
INSERT INTO filter(supply_id, brand_id, style_id, air, machine_oil, fuel_oil, air_condition_std, air_condition_carbon) VALUES(4, 1, 12, 'LX1006/21', 'OX 565D ECO', 'KL757', 'LAK518', '');
INSERT INTO filter(supply_id, brand_id, style_id, air, machine_oil, fuel_oil, air_condition_std, air_condition_carbon) VALUES(4, 1, 13, 'LX1006/21', '', 'KL757', '', '');
INSERT INTO filter(supply_id, brand_id, style_id, air, machine_oil, fuel_oil, air_condition_std, air_condition_carbon) VALUES(4, 1, 14, '', '', '', '', '');
INSERT INTO filter(supply_id, brand_id, style_id, air, machine_oil, fuel_oil, air_condition_std, air_condition_carbon) VALUES(4, 1, 15, '', '', '', '', '');
INSERT INTO filter(supply_id, brand_id, style_id, air, machine_oil, fuel_oil, air_condition_std, air_condition_carbon) VALUES(4, 1, 16, '', '', '', '', '');
INSERT INTO filter(supply_id, brand_id, style_id, air, machine_oil, fuel_oil, air_condition_std, air_condition_carbon) VALUES(4, 1, 17, '', '', '', '', '');
INSERT INTO filter(supply_id, brand_id, style_id, air, machine_oil, fuel_oil, air_condition_std, air_condition_carbon) VALUES(4, 2, 18, 'LX1721', 'OC515', 'KL755', 'LA522', '');
INSERT INTO filter(supply_id, brand_id, style_id, air, machine_oil, fuel_oil, air_condition_std, air_condition_carbon) VALUES(4, 2, 19, 'LX708', 'OC497', 'KL756', 'LA522', '');
INSERT INTO filter(supply_id, brand_id, style_id, air, machine_oil, fuel_oil, air_condition_std, air_condition_carbon) VALUES(4, 2, 20, '', 'OC593/4', 'KL756', 'LA522', '');
INSERT INTO filter(supply_id, brand_id, style_id, air, machine_oil, fuel_oil, air_condition_std, air_condition_carbon) VALUES(4, 2, 21, 'LX1897', 'OC593/4', 'KL756', 'LA522', '');
INSERT INTO filter(supply_id, brand_id, style_id, air, machine_oil, fuel_oil, air_condition_std, air_condition_carbon) VALUES(4, 2, 22, '', 'OX 398D ECO', 'KL756', 'LA522', '');
INSERT INTO filter(supply_id, brand_id, style_id, air, machine_oil, fuel_oil, air_condition_std, air_condition_carbon) VALUES(4, 2, 23, '', 'OX 398D ECO', 'KL756', 'LA522', '');
INSERT INTO filter(supply_id, brand_id, style_id, air, machine_oil, fuel_oil, air_condition_std, air_condition_carbon) VALUES(4, 2, 24, '', 'OC593/4', 'KL756', 'LA522', '');
INSERT INTO filter(supply_id, brand_id, style_id, air, machine_oil, fuel_oil, air_condition_std, air_condition_carbon) VALUES(4, 2, 25, '', 'OC593/4', 'KL756', 'LA522', '');
INSERT INTO filter(supply_id, brand_id, style_id, air, machine_oil, fuel_oil, air_condition_std, air_condition_carbon) VALUES(4, 2, 26, '', '', '', '', '');
INSERT INTO filter(supply_id, brand_id, style_id, air, machine_oil, fuel_oil, air_condition_std, air_condition_carbon) VALUES(4, 2, 27, '', 'OC593/4', '', '', '');
INSERT INTO filter(supply_id, brand_id, style_id, air, machine_oil, fuel_oil, air_condition_std, air_condition_carbon) VALUES(4, 2, 28, '', '', '', '', '');
INSERT INTO filter(supply_id, brand_id, style_id, air, machine_oil, fuel_oil, air_condition_std, air_condition_carbon) VALUES(4, 2, 29, '', 'OC593/4', '', '', '');
INSERT INTO filter(supply_id, brand_id, style_id, air, machine_oil, fuel_oil, air_condition_std, air_condition_carbon) VALUES(4, 2, 30, '', '', '', '', '');
INSERT INTO filter(supply_id, brand_id, style_id, air, machine_oil, fuel_oil, air_condition_std, air_condition_carbon) VALUES(4, 2, 31, 'LX3184', 'OC593/4', '', '', '');
INSERT INTO filter(supply_id, brand_id, style_id, air, machine_oil, fuel_oil, air_condition_std, air_condition_carbon) VALUES(4, 2, 32, 'LX3184', 'OC497', 'KL735', '', '');
INSERT INTO filter(supply_id, brand_id, style_id, air, machine_oil, fuel_oil, air_condition_std, air_condition_carbon) VALUES(4, 2, 33, 'LX1899', '', '', '', '');
INSERT INTO filter(supply_id, brand_id, style_id, air, machine_oil, fuel_oil, air_condition_std, air_condition_carbon) VALUES(4, 2, 34, 'LX1681', 'OC497', 'KL 450/1', 'LA519', '');
INSERT INTO filter(supply_id, brand_id, style_id, air, machine_oil, fuel_oil, air_condition_std, air_condition_carbon) VALUES(4, 2, 35, 'LX1681', 'OC527', 'KL 450/1', 'LA519', '');
INSERT INTO filter(supply_id, brand_id, style_id, air, machine_oil, fuel_oil, air_condition_std, air_condition_carbon) VALUES(4, 2, 36, 'LX1681', 'OC497', '', 'LA519', '');
INSERT INTO filter(supply_id, brand_id, style_id, air, machine_oil, fuel_oil, air_condition_std, air_condition_carbon) VALUES(4, 2, 37, '', '', '', '', '');
INSERT INTO filter(supply_id, brand_id, style_id, air, machine_oil, fuel_oil, air_condition_std, air_condition_carbon) VALUES(4, 2, 38, 'LX1681', 'OC527', 'KL479', 'LA519', '');
INSERT INTO filter(supply_id, brand_id, style_id, air, machine_oil, fuel_oil, air_condition_std, air_condition_carbon) VALUES(4, 2, 39, 'LX1681', 'OC497', 'KL479', 'LA519', '');
INSERT INTO filter(supply_id, brand_id, style_id, air, machine_oil, fuel_oil, air_condition_std, air_condition_carbon) VALUES(4, 2, 40, '', 'OC485', 'KL479', '', '');
INSERT INTO filter(supply_id, brand_id, style_id, air, machine_oil, fuel_oil, air_condition_std, air_condition_carbon) VALUES(4, 2, 41, 'LX1678', '', 'KL499', '', '');
INSERT INTO filter(supply_id, brand_id, style_id, air, machine_oil, fuel_oil, air_condition_std, air_condition_carbon) VALUES(4, 2, 42, 'LX1679', 'OC488', 'KL 450/1', '', '');
INSERT INTO filter(supply_id, brand_id, style_id, air, machine_oil, fuel_oil, air_condition_std, air_condition_carbon) VALUES(4, 2, 43, 'LX1680', '', '', '', '');
INSERT INTO filter(supply_id, brand_id, style_id, air, machine_oil, fuel_oil, air_condition_std, air_condition_carbon) VALUES(4, 2, 44, '', 'OC488', 'KL 450/1', '', '');
INSERT INTO filter(supply_id, brand_id, style_id, air, machine_oil, fuel_oil, air_condition_std, air_condition_carbon) VALUES(4, 2, 45, '', '', '', '', '');
INSERT INTO filter(supply_id, brand_id, style_id, air, machine_oil, fuel_oil, air_condition_std, air_condition_carbon) VALUES(4, 2, 46, 'LX1899', '', '', '', '');
INSERT INTO filter(supply_id, brand_id, style_id, air, machine_oil, fuel_oil, air_condition_std, air_condition_carbon) VALUES(4, 2, 47, 'LX1899', 'OC497', 'KL756', '', 'LAK621');
INSERT INTO filter(supply_id, brand_id, style_id, air, machine_oil, fuel_oil, air_condition_std, air_condition_carbon) VALUES(4, 2, 48, 'LX1899', 'OC497', 'KL756', '', 'LAK621');
INSERT INTO filter(supply_id, brand_id, style_id, air, machine_oil, fuel_oil, air_condition_std, air_condition_carbon) VALUES(4, 2, 49, '', '', '', '', 'LAK621');
INSERT INTO filter(supply_id, brand_id, style_id, air, machine_oil, fuel_oil, air_condition_std, air_condition_carbon) VALUES(4, 2, 50, '', 'OC1022', '', '', 'LAK621');
INSERT INTO filter(supply_id, brand_id, style_id, air, machine_oil, fuel_oil, air_condition_std, air_condition_carbon) VALUES(4, 2, 51, '', 'OC1022', '', '', '');
INSERT INTO filter(supply_id, brand_id, style_id, air, machine_oil, fuel_oil, air_condition_std, air_condition_carbon) VALUES(4, 2, 52, '', 'OC497', '', 'LA623', '');
INSERT INTO filter(supply_id, brand_id, style_id, air, machine_oil, fuel_oil, air_condition_std, air_condition_carbon) VALUES(4, 2, 53, 'LX1723', 'OC497', 'KL479', 'LA521', '');
INSERT INTO filter(supply_id, brand_id, style_id, air, machine_oil, fuel_oil, air_condition_std, air_condition_carbon) VALUES(4, 2, 54, 'LX1722', 'OC497', 'KL479', 'LA521', '');
INSERT INTO filter(supply_id, brand_id, style_id, air, machine_oil, fuel_oil, air_condition_std, air_condition_carbon) VALUES(4, 2, 55, 'LX1723', 'OC497', 'KL479', 'LA521', '');
INSERT INTO filter(supply_id, brand_id, style_id, air, machine_oil, fuel_oil, air_condition_std, air_condition_carbon) VALUES(4, 2, 56, 'LX1723', 'OX396D', '', '', '');
INSERT INTO filter(supply_id, brand_id, style_id, air, machine_oil, fuel_oil, air_condition_std, air_condition_carbon) VALUES(4, 2, 57, 'LX1899', 'OC593/4', '', 'LA708', '');
INSERT INTO filter(supply_id, brand_id, style_id, air, machine_oil, fuel_oil, air_condition_std, air_condition_carbon) VALUES(4, 2, 58, 'LX3184', 'OC593/4', '', 'LA708', '');
INSERT INTO filter(supply_id, brand_id, style_id, air, machine_oil, fuel_oil, air_condition_std, air_condition_carbon) VALUES(4, 2, 59, '', '', '', '', '');
INSERT INTO filter(supply_id, brand_id, style_id, air, machine_oil, fuel_oil, air_condition_std, air_condition_carbon) VALUES(4, 2, 60, '', 'OC1022', '', '', 'LAK621');
INSERT INTO filter(supply_id, brand_id, style_id, air, machine_oil, fuel_oil, air_condition_std, air_condition_carbon) VALUES(4, 2, 61, 'LX1899', '', '', '', '');
INSERT INTO filter(supply_id, brand_id, style_id, air, machine_oil, fuel_oil, air_condition_std, air_condition_carbon) VALUES(4, 2, 62, 'LX1897', 'OC497', 'KL479', 'LA622', '');
INSERT INTO filter(supply_id, brand_id, style_id, air, machine_oil, fuel_oil, air_condition_std, air_condition_carbon) VALUES(4, 2, 63, 'LX1682', 'OC488', 'KL499', '', '');
INSERT INTO filter(supply_id, brand_id, style_id, air, machine_oil, fuel_oil, air_condition_std, air_condition_carbon) VALUES(4, 2, 64, 'LX1701', 'OC488', 'KL 450', '', '');
INSERT INTO filter(supply_id, brand_id, style_id, air, machine_oil, fuel_oil, air_condition_std, air_condition_carbon) VALUES(4, 2, 65, 'LX1701', 'OC497', 'KL 450/1', '', '');
INSERT INTO filter(supply_id, brand_id, style_id, air, machine_oil, fuel_oil, air_condition_std, air_condition_carbon) VALUES(4, 2, 66, 'LX1900', 'OX396D', 'KL 502', '', '');
INSERT INTO filter(supply_id, brand_id, style_id, air, machine_oil, fuel_oil, air_condition_std, air_condition_carbon) VALUES(4, 2, 67, 'LX1899', 'OC593/4', '', '', 'LAK621');
INSERT INTO filter(supply_id, brand_id, style_id, air, machine_oil, fuel_oil, air_condition_std, air_condition_carbon) VALUES(4, 2, 68, 'LX2717', 'OC1022', '', '', 'LAK621');
INSERT INTO filter(supply_id, brand_id, style_id, air, machine_oil, fuel_oil, air_condition_std, air_condition_carbon) VALUES(4, 2, 69, 'LX1899', 'OC497', 'KL756', '', 'LAK621');
INSERT INTO filter(supply_id, brand_id, style_id, air, machine_oil, fuel_oil, air_condition_std, air_condition_carbon) VALUES(4, 2, 70, 'LX1899', 'OC593/4', '', '', 'LAK621');
INSERT INTO filter(supply_id, brand_id, style_id, air, machine_oil, fuel_oil, air_condition_std, air_condition_carbon) VALUES(4, 2, 71, 'LX1899', 'OC497', 'KL756', '', 'LAK621');
INSERT INTO filter(supply_id, brand_id, style_id, air, machine_oil, fuel_oil, air_condition_std, air_condition_carbon) VALUES(4, 2, 72, 'LX2717', 'OC1022', 'KL756', '', 'LAK621');
INSERT INTO filter(supply_id, brand_id, style_id, air, machine_oil, fuel_oil, air_condition_std, air_condition_carbon) VALUES(4, 2, 73, 'LX1899', 'OC497', 'KL756', '', 'LAK621');
INSERT INTO filter(supply_id, brand_id, style_id, air, machine_oil, fuel_oil, air_condition_std, air_condition_carbon) VALUES(4, 2, 74, 'LX1899', 'OC497', 'KL756', '', 'LAK621');
INSERT INTO filter(supply_id, brand_id, style_id, air, machine_oil, fuel_oil, air_condition_std, air_condition_carbon) VALUES(5, 1, 1, 'C27192/1', 'W940/25', 'WK720/6', 'CU3037', 'CUK3037');
INSERT INTO filter(supply_id, brand_id, style_id, air, machine_oil, fuel_oil, air_condition_std, air_condition_carbon) VALUES(5, 1, 2, 'C27192/1', 'HU719/6x', 'WK720/4', 'CU3037', 'CUK3037');
INSERT INTO filter(supply_id, brand_id, style_id, air, machine_oil, fuel_oil, air_condition_std, air_condition_carbon) VALUES(5, 1, 3, 'C27192/1', 'W930/21', 'WK730/1', 'CU3037', 'CUK3037');
INSERT INTO filter(supply_id, brand_id, style_id, air, machine_oil, fuel_oil, air_condition_std, air_condition_carbon) VALUES(5, 1, 4, 'C27192/1', 'W930/21', 'WK730/1', 'CU3037', 'CUK3037');
INSERT INTO filter(supply_id, brand_id, style_id, air, machine_oil, fuel_oil, air_condition_std, air_condition_carbon) VALUES(5, 1, 5, 'C27192/1', 'W930/21', 'WK730/1', 'CU3037', 'CUK3037');
INSERT INTO filter(supply_id, brand_id, style_id, air, machine_oil, fuel_oil, air_condition_std, air_condition_carbon) VALUES(5, 1, 6, 'C32130', 'W719/45', '', 'CU2450', 'CUK2450');
INSERT INTO filter(supply_id, brand_id, style_id, air, machine_oil, fuel_oil, air_condition_std, air_condition_carbon) VALUES(5, 1, 7, 'C32130', 'W719/45', '', 'CU2450', 'CUK2450');
INSERT INTO filter(supply_id, brand_id, style_id, air, machine_oil, fuel_oil, air_condition_std, air_condition_carbon) VALUES(5, 1, 8, 'C26168', 'W719/30', 'WK830/7', '', 'CUK3037');
INSERT INTO filter(supply_id, brand_id, style_id, air, machine_oil, fuel_oil, air_condition_std, air_condition_carbon) VALUES(5, 1, 9, 'C26168', 'W930/21', 'WK830/7', '', 'CUK3037');
INSERT INTO filter(supply_id, brand_id, style_id, air, machine_oil, fuel_oil, air_condition_std, air_condition_carbon) VALUES(5, 1, 10, 'C26168', 'W930/21', 'WK830/7', '', 'CUK3037');
INSERT INTO filter(supply_id, brand_id, style_id, air, machine_oil, fuel_oil, air_condition_std, air_condition_carbon) VALUES(5, 1, 11, 'C16118', 'HU719/6x', 'WK720/3', 'CU3023-2', 'CUK3023-2');
INSERT INTO filter(supply_id, brand_id, style_id, air, machine_oil, fuel_oil, air_condition_std, air_condition_carbon) VALUES(5, 1, 12, 'C17137/1n', 'HU722z', 'WK720/3', 'CU3023-2', 'CUK3023-2');
INSERT INTO filter(supply_id, brand_id, style_id, air, machine_oil, fuel_oil, air_condition_std, air_condition_carbon) VALUES(5, 1, 13, 'C17137/1n', 'HU722z', 'WK720/3', '', 'CUK3023-2');
INSERT INTO filter(supply_id, brand_id, style_id, air, machine_oil, fuel_oil, air_condition_std, air_condition_carbon) VALUES(5, 1, 14, '', '', '', '', '');
INSERT INTO filter(supply_id, brand_id, style_id, air, machine_oil, fuel_oil, air_condition_std, air_condition_carbon) VALUES(5, 1, 15, '', '', '', '', '');
INSERT INTO filter(supply_id, brand_id, style_id, air, machine_oil, fuel_oil, air_condition_std, air_condition_carbon) VALUES(5, 1, 16, '', '', '', '', '');
INSERT INTO filter(supply_id, brand_id, style_id, air, machine_oil, fuel_oil, air_condition_std, air_condition_carbon) VALUES(5, 1, 17, 'C32130', 'W719/45', '', 'CU2450', 'CUK2450');
INSERT INTO filter(supply_id, brand_id, style_id, air, machine_oil, fuel_oil, air_condition_std, air_condition_carbon) VALUES(5, 2, 18, 'C2998/5x', 'W712/52', 'WK59x', 'CU2545', 'CUK2545');
INSERT INTO filter(supply_id, brand_id, style_id, air, machine_oil, fuel_oil, air_condition_std, air_condition_carbon) VALUES(5, 2, 19, 'C2995/3', 'W719/30', 'WK59x', 'CU2545', 'CUK2545');
INSERT INTO filter(supply_id, brand_id, style_id, air, machine_oil, fuel_oil, air_condition_std, air_condition_carbon) VALUES(5, 2, 20, '', '', '', '', '');
INSERT INTO filter(supply_id, brand_id, style_id, air, machine_oil, fuel_oil, air_condition_std, air_condition_carbon) VALUES(5, 2, 21, '', '', '', '', '');
INSERT INTO filter(supply_id, brand_id, style_id, air, machine_oil, fuel_oil, air_condition_std, air_condition_carbon) VALUES(5, 2, 22, 'C4287/3', 'HU726/6x', 'WK69/2', 'CU2545', 'CUK2545');
INSERT INTO filter(supply_id, brand_id, style_id, air, machine_oil, fuel_oil, air_condition_std, air_condition_carbon) VALUES(5, 2, 23, 'C4287/3', 'HU726/6x', 'WK69/2', 'CU2545', 'CUK2545');
INSERT INTO filter(supply_id, brand_id, style_id, air, machine_oil, fuel_oil, air_condition_std, air_condition_carbon) VALUES(5, 2, 24, 'C4287/3', 'W719/30', 'WK69/2', 'CU2545', 'CUK2545');
INSERT INTO filter(supply_id, brand_id, style_id, air, machine_oil, fuel_oil, air_condition_std, air_condition_carbon) VALUES(5, 2, 25, 'C4287/3', 'W719/30', 'WK69/2', 'CU2545', 'CUK2545');
INSERT INTO filter(supply_id, brand_id, style_id, air, machine_oil, fuel_oil, air_condition_std, air_condition_carbon) VALUES(5, 2, 26, 'C4287/3', 'HU726/2x', 'WK69/2', 'CU2545', 'CUK2545');
INSERT INTO filter(supply_id, brand_id, style_id, air, machine_oil, fuel_oil, air_condition_std, air_condition_carbon) VALUES(5, 2, 27, 'C4287/3', 'W712/90', 'WK69', 'CU2862', 'CUK2862');
INSERT INTO filter(supply_id, brand_id, style_id, air, machine_oil, fuel_oil, air_condition_std, air_condition_carbon) VALUES(5, 2, 28, 'C4287/3', 'HU712/6x', 'WK69/2', 'CU2862', 'CUK2862');
INSERT INTO filter(supply_id, brand_id, style_id, air, machine_oil, fuel_oil, air_condition_std, air_condition_carbon) VALUES(5, 2, 29, 'C4287/3', 'W712/90', 'WK69/2', 'CU2862', 'CUK2862');
INSERT INTO filter(supply_id, brand_id, style_id, air, machine_oil, fuel_oil, air_condition_std, air_condition_carbon) VALUES(5, 2, 30, 'C3880', 'HU712/6x', 'WK69/2', 'CU2862', 'CUK2862');
INSERT INTO filter(supply_id, brand_id, style_id, air, machine_oil, fuel_oil, air_condition_std, air_condition_carbon) VALUES(5, 2, 31, 'C3880', 'W712/90', 'WK69/2', 'CU2862', 'CUK2862');
INSERT INTO filter(supply_id, brand_id, style_id, air, machine_oil, fuel_oil, air_condition_std, air_condition_carbon) VALUES(5, 2, 32, 'C37153', 'W712/90', '', 'CU2862', 'CUK2862');
INSERT INTO filter(supply_id, brand_id, style_id, air, machine_oil, fuel_oil, air_condition_std, air_condition_carbon) VALUES(5, 2, 33, '', '', '', '', '');
INSERT INTO filter(supply_id, brand_id, style_id, air, machine_oil, fuel_oil, air_condition_std, air_condition_carbon) VALUES(5, 2, 34, 'C26168', 'W719/30', 'WK830/7', 'CU3995', 'CUK3995');
INSERT INTO filter(supply_id, brand_id, style_id, air, machine_oil, fuel_oil, air_condition_std, air_condition_carbon) VALUES(5, 2, 35, 'C26168', 'W940/25', 'WK830/7', 'CU3995', 'CUK3995');
INSERT INTO filter(supply_id, brand_id, style_id, air, machine_oil, fuel_oil, air_condition_std, air_condition_carbon) VALUES(5, 2, 36, 'C26168', 'W719/30', 'WK830/7', 'CU3995', 'CUK3995');
INSERT INTO filter(supply_id, brand_id, style_id, air, machine_oil, fuel_oil, air_condition_std, air_condition_carbon) VALUES(5, 2, 37, '', '', '', '', '');
INSERT INTO filter(supply_id, brand_id, style_id, air, machine_oil, fuel_oil, air_condition_std, air_condition_carbon) VALUES(5, 2, 38, 'C26168', 'W940/25', 'WK830/7', 'CU3995', 'CUK3995');
INSERT INTO filter(supply_id, brand_id, style_id, air, machine_oil, fuel_oil, air_condition_std, air_condition_carbon) VALUES(5, 2, 39, 'C26168', 'W719/30', 'WK830/7', 'CU3995', 'CUK3995');
INSERT INTO filter(supply_id, brand_id, style_id, air, machine_oil, fuel_oil, air_condition_std, air_condition_carbon) VALUES(5, 2, 40, 'C26157', 'W930/21', 'WK830/7', 'CU3995', 'CUK3995');
INSERT INTO filter(supply_id, brand_id, style_id, air, machine_oil, fuel_oil, air_condition_std, air_condition_carbon) VALUES(5, 2, 41, '', '', '', '', '');
INSERT INTO filter(supply_id, brand_id, style_id, air, machine_oil, fuel_oil, air_condition_std, air_condition_carbon) VALUES(5, 2, 42, 'C31152/2', 'W719/30', 'WK830/7', '', '');
INSERT INTO filter(supply_id, brand_id, style_id, air, machine_oil, fuel_oil, air_condition_std, air_condition_carbon) VALUES(5, 2, 43, 'C31152/2', 'W719/30', 'WK830/7', '', '');
INSERT INTO filter(supply_id, brand_id, style_id, air, machine_oil, fuel_oil, air_condition_std, air_condition_carbon) VALUES(5, 2, 44, 'C31152/2', 'W719/30', 'WK830/7', '', '');
INSERT INTO filter(supply_id, brand_id, style_id, air, machine_oil, fuel_oil, air_condition_std, air_condition_carbon) VALUES(5, 2, 45, 'C31152/2', 'W719/30', 'WK830/7', '', '');
INSERT INTO filter(supply_id, brand_id, style_id, air, machine_oil, fuel_oil, air_condition_std, air_condition_carbon) VALUES(5, 2, 46, 'C14130/1', 'W712/90', 'WK69', 'CU2939', 'CUK2939');
INSERT INTO filter(supply_id, brand_id, style_id, air, machine_oil, fuel_oil, air_condition_std, air_condition_carbon) VALUES(5, 2, 47, 'C14130/1', 'W719/30', 'WK59x', 'CU2939', 'CUK2939');
INSERT INTO filter(supply_id, brand_id, style_id, air, machine_oil, fuel_oil, air_condition_std, air_condition_carbon) VALUES(5, 2, 48, 'C14130/1', 'W719/30', 'WK69/2', 'CU2939', 'CUK2939');
INSERT INTO filter(supply_id, brand_id, style_id, air, machine_oil, fuel_oil, air_condition_std, air_condition_carbon) VALUES(5, 2, 49, '', '', '', '', '');
INSERT INTO filter(supply_id, brand_id, style_id, air, machine_oil, fuel_oil, air_condition_std, air_condition_carbon) VALUES(5, 2, 50, 'C35154', 'W719/45', 'WK69', 'CU2939', 'CUK2939');
INSERT INTO filter(supply_id, brand_id, style_id, air, machine_oil, fuel_oil, air_condition_std, air_condition_carbon) VALUES(5, 2, 51, 'C35154', 'W719/45', 'WK69', 'CU2939', 'CUK2939');
INSERT INTO filter(supply_id, brand_id, style_id, air, machine_oil, fuel_oil, air_condition_std, air_condition_carbon) VALUES(5, 2, 52, 'C29009', 'W719/30', 'WK512', 'CU3043', '');
INSERT INTO filter(supply_id, brand_id, style_id, air, machine_oil, fuel_oil, air_condition_std, air_condition_carbon) VALUES(5, 2, 53, 'C37153', 'W719/30', 'WK730/1', 'CU2862', 'CUK2862');
INSERT INTO filter(supply_id, brand_id, style_id, air, machine_oil, fuel_oil, air_condition_std, air_condition_carbon) VALUES(5, 2, 54, 'C37153', 'W719/30', 'WK730/1', 'CU2862', 'CUK2862');
INSERT INTO filter(supply_id, brand_id, style_id, air, machine_oil, fuel_oil, air_condition_std, air_condition_carbon) VALUES(5, 2, 55, 'C37153', 'W719/30', 'WK730/1', 'CU2862', 'CUK2862');
INSERT INTO filter(supply_id, brand_id, style_id, air, machine_oil, fuel_oil, air_condition_std, air_condition_carbon) VALUES(5, 2, 56, 'C37153', 'HU726/2x', 'WK853/3x', 'CU2862', 'CUK2862');
INSERT INTO filter(supply_id, brand_id, style_id, air, machine_oil, fuel_oil, air_condition_std, air_condition_carbon) VALUES(5, 2, 57, 'C4287/3', 'W712/90', '', '', '');
INSERT INTO filter(supply_id, brand_id, style_id, air, machine_oil, fuel_oil, air_condition_std, air_condition_carbon) VALUES(5, 2, 58, 'C37153', 'W719/30', 'WK730/1', 'CU2862', 'CUK2862');
INSERT INTO filter(supply_id, brand_id, style_id, air, machine_oil, fuel_oil, air_condition_std, air_condition_carbon) VALUES(5, 2, 59, 'C35154', 'W719/45', '', 'CU2939', 'CUK2939');
INSERT INTO filter(supply_id, brand_id, style_id, air, machine_oil, fuel_oil, air_condition_std, air_condition_carbon) VALUES(5, 2, 60, 'C35154', 'W719/45', '', 'CU2939', 'CUK2939');
INSERT INTO filter(supply_id, brand_id, style_id, air, machine_oil, fuel_oil, air_condition_std, air_condition_carbon) VALUES(5, 2, 61, 'C14130/1', 'W712/90', 'WK69/2', 'CU2939', 'CUK2939');
INSERT INTO filter(supply_id, brand_id, style_id, air, machine_oil, fuel_oil, air_condition_std, air_condition_carbon) VALUES(5, 2, 62, 'C3880', 'W712/90', 'WK69/2', 'CU2939', 'CUK2939');
INSERT INTO filter(supply_id, brand_id, style_id, air, machine_oil, fuel_oil, air_condition_std, air_condition_carbon) VALUES(5, 2, 63, 'C30136', 'W719/30', 'WK830/7', 'CU2038', '');
INSERT INTO filter(supply_id, brand_id, style_id, air, machine_oil, fuel_oil, air_condition_std, air_condition_carbon) VALUES(5, 2, 64, 'C2039', 'W719/30', 'WK31/2', 'CU2038', '');
INSERT INTO filter(supply_id, brand_id, style_id, air, machine_oil, fuel_oil, air_condition_std, air_condition_carbon) VALUES(5, 2, 65, 'C2039', 'W719/30', 'WK31/2', 'CU2038', '');
INSERT INTO filter(supply_id, brand_id, style_id, air, machine_oil, fuel_oil, air_condition_std, air_condition_carbon) VALUES(5, 2, 66, 'C30136/1', 'HU726/2x', 'WK842/12x', 'CU2038', '');
INSERT INTO filter(supply_id, brand_id, style_id, air, machine_oil, fuel_oil, air_condition_std, air_condition_carbon) VALUES(5, 2, 67, 'C14130/1', 'W712/90', '', 'CU2939', 'CUK2939');
INSERT INTO filter(supply_id, brand_id, style_id, air, machine_oil, fuel_oil, air_condition_std, air_condition_carbon) VALUES(5, 2, 68, 'C35154', 'W719/45', '', 'CU2939', 'CUK2939');
INSERT INTO filter(supply_id, brand_id, style_id, air, machine_oil, fuel_oil, air_condition_std, air_condition_carbon) VALUES(5, 2, 69, 'C35154', 'W719/45', 'WK69/2', 'CU2939', 'CUK2939');
INSERT INTO filter(supply_id, brand_id, style_id, air, machine_oil, fuel_oil, air_condition_std, air_condition_carbon) VALUES(5, 2, 70, 'C14130/1', 'W712/90', 'WK69/2', 'CU2939', 'CUK2939');
INSERT INTO filter(supply_id, brand_id, style_id, air, machine_oil, fuel_oil, air_condition_std, air_condition_carbon) VALUES(5, 2, 71, 'C14130/1', 'W719/30', 'WK69/2', 'CU2939', 'CUK2939');
INSERT INTO filter(supply_id, brand_id, style_id, air, machine_oil, fuel_oil, air_condition_std, air_condition_carbon) VALUES(5, 2, 72, 'C14130/1', 'W719/45', 'WK69/2', 'CU2939', 'CUK2939');
INSERT INTO filter(supply_id, brand_id, style_id, air, machine_oil, fuel_oil, air_condition_std, air_condition_carbon) VALUES(5, 2, 73, 'C14130/1', 'W719/30', 'WK69/2', 'CU2939', 'CUK2939');
INSERT INTO filter(supply_id, brand_id, style_id, air, machine_oil, fuel_oil, air_condition_std, air_condition_carbon) VALUES(5, 2, 74, 'C14130/1', 'W719/30', 'WK69/2', 'CU2939', 'CUK2939');
INSERT INTO filter(supply_id, brand_id, style_id, air, machine_oil, fuel_oil, air_condition_std, air_condition_carbon) VALUES(2, 1, 1, '', '068115561B', '', '1H0819644', '');
INSERT INTO filter(supply_id, brand_id, style_id, air, machine_oil, fuel_oil, air_condition_std, air_condition_carbon) VALUES(2, 1, 2, '', '', '', '1H0819644', '');
INSERT INTO filter(supply_id, brand_id, style_id, air, machine_oil, fuel_oil, air_condition_std, air_condition_carbon) VALUES(2, 1, 3, '', '078115561J', '1J0201511A', '1H0819644', '');
INSERT INTO filter(supply_id, brand_id, style_id, air, machine_oil, fuel_oil, air_condition_std, air_condition_carbon) VALUES(2, 1, 4, '', '078115561J', '1J0201511A', '1H0819644', '');
INSERT INTO filter(supply_id, brand_id, style_id, air, machine_oil, fuel_oil, air_condition_std, air_condition_carbon) VALUES(2, 1, 5, '', '', '1J0201511A', '', '');
INSERT INTO filter(supply_id, brand_id, style_id, air, machine_oil, fuel_oil, air_condition_std, air_condition_carbon) VALUES(2, 1, 6, '', '', '', '', '');
INSERT INTO filter(supply_id, brand_id, style_id, air, machine_oil, fuel_oil, air_condition_std, air_condition_carbon) VALUES(2, 1, 7, '', '', '', '', '');
INSERT INTO filter(supply_id, brand_id, style_id, air, machine_oil, fuel_oil, air_condition_std, air_condition_carbon) VALUES(2, 1, 8, '581330843', '', '1H0201511A/330298511A', '', '');
INSERT INTO filter(supply_id, brand_id, style_id, air, machine_oil, fuel_oil, air_condition_std, air_condition_carbon) VALUES(2, 1, 9, '581330843', '078115561J', '1H0201511A/330298511A', '', '');
INSERT INTO filter(supply_id, brand_id, style_id, air, machine_oil, fuel_oil, air_condition_std, air_condition_carbon) VALUES(2, 1, 10, '581330843', '078115561J', '1H0201511A/330298511A', '', '');
INSERT INTO filter(supply_id, brand_id, style_id, air, machine_oil, fuel_oil, air_condition_std, air_condition_carbon) VALUES(2, 1, 11, '', '', '', '', '');
INSERT INTO filter(supply_id, brand_id, style_id, air, machine_oil, fuel_oil, air_condition_std, air_condition_carbon) VALUES(2, 1, 12, '', '', '', '4F0133843/4F0133843B', '');
INSERT INTO filter(supply_id, brand_id, style_id, air, machine_oil, fuel_oil, air_condition_std, air_condition_carbon) VALUES(2, 1, 13, '', '', '', '4F0133843/4F0133843B', '');
INSERT INTO filter(supply_id, brand_id, style_id, air, machine_oil, fuel_oil, air_condition_std, air_condition_carbon) VALUES(2, 1, 14, '', '', '', '', '');
INSERT INTO filter(supply_id, brand_id, style_id, air, machine_oil, fuel_oil, air_condition_std, air_condition_carbon) VALUES(2, 1, 15, '', '', '', '', '');
INSERT INTO filter(supply_id, brand_id, style_id, air, machine_oil, fuel_oil, air_condition_std, air_condition_carbon) VALUES(2, 1, 16, '', '', '', '', '');
INSERT INTO filter(supply_id, brand_id, style_id, air, machine_oil, fuel_oil, air_condition_std, air_condition_carbon) VALUES(2, 1, 17, '', '', '', '', '');
INSERT INTO filter(supply_id, brand_id, style_id, air, machine_oil, fuel_oil, air_condition_std, air_condition_carbon) VALUES(2, 2, 18, '36198620', '030115561AB', '6Q0101051B', '6Q0819653', '');
INSERT INTO filter(supply_id, brand_id, style_id, air, machine_oil, fuel_oil, air_condition_std, air_condition_carbon) VALUES(2, 2, 19, '6Q0129620', '06A115561B/06A115561D/06A115561E', '6Q0101051C', '6Q0819653', '');
INSERT INTO filter(supply_id, brand_id, style_id, air, machine_oil, fuel_oil, air_condition_std, air_condition_carbon) VALUES(2, 2, 20, '', '03C115561E/03C115561B/03C115403F', '6Q0101051C', '6Q0819653', '');
INSERT INTO filter(supply_id, brand_id, style_id, air, machine_oil, fuel_oil, air_condition_std, air_condition_carbon) VALUES(2, 2, 21, '03C129620F', '03C115561E/03C115561B/03C115403F', '6Q0101051C', '6Q0819653', '');
INSERT INTO filter(supply_id, brand_id, style_id, air, machine_oil, fuel_oil, air_condition_std, air_condition_carbon) VALUES(2, 2, 22, '', '03C115562/03C115577A', '6Q0101051C', '6Q0819653', '');
INSERT INTO filter(supply_id, brand_id, style_id, air, machine_oil, fuel_oil, air_condition_std, air_condition_carbon) VALUES(2, 2, 23, '', '03C115562/03C115577A', '6Q0101051C', '6Q0819653', '');
INSERT INTO filter(supply_id, brand_id, style_id, air, machine_oil, fuel_oil, air_condition_std, air_condition_carbon) VALUES(2, 2, 24, '', '03C115561E/03C115561B/03C115403F', '6Q0101051C', '6Q0819653', '');
INSERT INTO filter(supply_id, brand_id, style_id, air, machine_oil, fuel_oil, air_condition_std, air_condition_carbon) VALUES(2, 2, 25, '', '03C115561E/03C115561B/03C115403F', '6Q0101051C', '', '');
INSERT INTO filter(supply_id, brand_id, style_id, air, machine_oil, fuel_oil, air_condition_std, air_condition_carbon) VALUES(2, 2, 26, '', '', '6Q0101051C', '', '');
INSERT INTO filter(supply_id, brand_id, style_id, air, machine_oil, fuel_oil, air_condition_std, air_condition_carbon) VALUES(2, 2, 27, '', '03C115561E/03C115561B/03C115403F', '6Q0101051C', '', '');
INSERT INTO filter(supply_id, brand_id, style_id, air, machine_oil, fuel_oil, air_condition_std, air_condition_carbon) VALUES(2, 2, 28, '', '', '6Q0101051C', '', '');
INSERT INTO filter(supply_id, brand_id, style_id, air, machine_oil, fuel_oil, air_condition_std, air_condition_carbon) VALUES(2, 2, 29, '', '03C115561E/03C115561B/03C115403F', '6Q0101051C', '', '');
INSERT INTO filter(supply_id, brand_id, style_id, air, machine_oil, fuel_oil, air_condition_std, air_condition_carbon) VALUES(2, 2, 30, '', '', '6Q0101051C', '', '');
INSERT INTO filter(supply_id, brand_id, style_id, air, machine_oil, fuel_oil, air_condition_std, air_condition_carbon) VALUES(2, 2, 31, '036129620M', '03C115561E/03C115561B/03C115403F', '6Q0101051C', '', '');
INSERT INTO filter(supply_id, brand_id, style_id, air, machine_oil, fuel_oil, air_condition_std, air_condition_carbon) VALUES(2, 2, 32, '036129620M', '06A115561B/06A115561D/06A115561E', '180201511', '', '');
INSERT INTO filter(supply_id, brand_id, style_id, air, machine_oil, fuel_oil, air_condition_std, air_condition_carbon) VALUES(2, 2, 33, '1K0129620C/1TD129620/1TD129620D', '', '', '', '');
INSERT INTO filter(supply_id, brand_id, style_id, air, machine_oil, fuel_oil, air_condition_std, air_condition_carbon) VALUES(2, 2, 34, '581330843', '06A115561B/06A115561D/06A115561E', '1H0201511A/330298511A', '8A0819439A', '');
INSERT INTO filter(supply_id, brand_id, style_id, air, machine_oil, fuel_oil, air_condition_std, air_condition_carbon) VALUES(2, 2, 35, '581330843', '068115561B', '1H0201511A/330298511A', '8A0819439A', '');
INSERT INTO filter(supply_id, brand_id, style_id, air, machine_oil, fuel_oil, air_condition_std, air_condition_carbon) VALUES(2, 2, 36, '581330843', '06A115561B/06A115561D/06A115561E', '', '8A0819439A', '');
INSERT INTO filter(supply_id, brand_id, style_id, air, machine_oil, fuel_oil, air_condition_std, air_condition_carbon) VALUES(2, 2, 37, '', '', '', '8A0819439A', '');
INSERT INTO filter(supply_id, brand_id, style_id, air, machine_oil, fuel_oil, air_condition_std, air_condition_carbon) VALUES(2, 2, 38, '581330843', '068115561B', '1J0201511A', '8A0819439A', '');
INSERT INTO filter(supply_id, brand_id, style_id, air, machine_oil, fuel_oil, air_condition_std, air_condition_carbon) VALUES(2, 2, 39, '581330843', '06A115561B/06A115561D/06A115561E', '1J0201511A', '8A0819439A', '');
INSERT INTO filter(supply_id, brand_id, style_id, air, machine_oil, fuel_oil, air_condition_std, air_condition_carbon) VALUES(2, 2, 40, '', '078115561J', '1J0201511A', '', '');
INSERT INTO filter(supply_id, brand_id, style_id, air, machine_oil, fuel_oil, air_condition_std, air_condition_carbon) VALUES(2, 2, 41, '56129620', '', '1J0201511A', '', '');
INSERT INTO filter(supply_id, brand_id, style_id, air, machine_oil, fuel_oil, air_condition_std, air_condition_carbon) VALUES(2, 2, 42, '27129620.1', '034115561A', '1H0201511A/330298511A', '', '');
INSERT INTO filter(supply_id, brand_id, style_id, air, machine_oil, fuel_oil, air_condition_std, air_condition_carbon) VALUES(2, 2, 43, '330129620', '', '', '', '');
INSERT INTO filter(supply_id, brand_id, style_id, air, machine_oil, fuel_oil, air_condition_std, air_condition_carbon) VALUES(2, 2, 44, '', '034115561A', '1H0201511A/330298511A', '', '');
INSERT INTO filter(supply_id, brand_id, style_id, air, machine_oil, fuel_oil, air_condition_std, air_condition_carbon) VALUES(2, 2, 45, '', '', '', '', '');
INSERT INTO filter(supply_id, brand_id, style_id, air, machine_oil, fuel_oil, air_condition_std, air_condition_carbon) VALUES(2, 2, 46, '1K0129620C/1TD129620/1TD129620D', '', '', '', '');
INSERT INTO filter(supply_id, brand_id, style_id, air, machine_oil, fuel_oil, air_condition_std, air_condition_carbon) VALUES(2, 2, 47, '', '06A115561B/06A115561D/06A115561E', '6Q0101051C', '', '1K1819653A/1KD819644/1KD819653');
INSERT INTO filter(supply_id, brand_id, style_id, air, machine_oil, fuel_oil, air_condition_std, air_condition_carbon) VALUES(2, 2, 48, '1K0129620C/1TD129620/1TD129620D', '06A115561B/06A115561D/06A115561E', '6Q0101051C', '', '1K1819653A/1KD819644/1KD819653');
INSERT INTO filter(supply_id, brand_id, style_id, air, machine_oil, fuel_oil, air_condition_std, air_condition_carbon) VALUES(2, 2, 49, '', '', '', '', '1K1819653A/1KD819644/1KD819653');
INSERT INTO filter(supply_id, brand_id, style_id, air, machine_oil, fuel_oil, air_condition_std, air_condition_carbon) VALUES(2, 2, 50, '', '06J115403C/06J115561B/06H115403', '', '', '1K1819653A/1KD819644/1KD819653');
INSERT INTO filter(supply_id, brand_id, style_id, air, machine_oil, fuel_oil, air_condition_std, air_condition_carbon) VALUES(2, 2, 51, '', '06J115403C/06J115561B/06H115403', '', '', '');
INSERT INTO filter(supply_id, brand_id, style_id, air, machine_oil, fuel_oil, air_condition_std, air_condition_carbon) VALUES(2, 2, 52, '', '06A115561B/06A115561D/06A115561E', '', '377819638', '');
INSERT INTO filter(supply_id, brand_id, style_id, air, machine_oil, fuel_oil, air_condition_std, air_condition_carbon) VALUES(2, 2, 53, '1J0129620A', '06A115561B/06A115561D/06A115561E', '1J0201511A', '180819644', '');
INSERT INTO filter(supply_id, brand_id, style_id, air, machine_oil, fuel_oil, air_condition_std, air_condition_carbon) VALUES(2, 2, 54, '1J0129620', '06A115561B/06A115561D/06A115561E', '1J0201511A', '180819644', '');
INSERT INTO filter(supply_id, brand_id, style_id, air, machine_oil, fuel_oil, air_condition_std, air_condition_carbon) VALUES(2, 2, 55, '1J0129620A', '06A115561B/06A115561D/06A115561E', '1J0201511A', '180819644', '');
INSERT INTO filter(supply_id, brand_id, style_id, air, machine_oil, fuel_oil, air_condition_std, air_condition_carbon) VALUES(2, 2, 56, '1J0129620A', '074115562/038115466', '', '', '');
INSERT INTO filter(supply_id, brand_id, style_id, air, machine_oil, fuel_oil, air_condition_std, air_condition_carbon) VALUES(2, 2, 57, '1K0129620C/1TD129620/1TD129620D', '03C115561E/03C115561B/03C115403F', '', '180819638', '');
INSERT INTO filter(supply_id, brand_id, style_id, air, machine_oil, fuel_oil, air_condition_std, air_condition_carbon) VALUES(2, 2, 58, '', '03C115561E/03C115561B/03C115403F', '', '180819638', '');
INSERT INTO filter(supply_id, brand_id, style_id, air, machine_oil, fuel_oil, air_condition_std, air_condition_carbon) VALUES(2, 2, 59, '', '', '', '', '');
INSERT INTO filter(supply_id, brand_id, style_id, air, machine_oil, fuel_oil, air_condition_std, air_condition_carbon) VALUES(2, 2, 60, '', '', '', '', '1K1819653A/1KD819644/1KD819653');
INSERT INTO filter(supply_id, brand_id, style_id, air, machine_oil, fuel_oil, air_condition_std, air_condition_carbon) VALUES(2, 2, 61, '1K0129620C/1TD129620/1TD129620D', '', '', '', '');
INSERT INTO filter(supply_id, brand_id, style_id, air, machine_oil, fuel_oil, air_condition_std, air_condition_carbon) VALUES(2, 2, 62, '03C129620F', '06A115561B/06A115561D/06A115561E', '1J0201511A', '1H0819644', '');
INSERT INTO filter(supply_id, brand_id, style_id, air, machine_oil, fuel_oil, air_condition_std, air_condition_carbon) VALUES(2, 2, 63, '191129620/859129620', '034115561A', '191201511A', '', '');
INSERT INTO filter(supply_id, brand_id, style_id, air, machine_oil, fuel_oil, air_condition_std, air_condition_carbon) VALUES(2, 2, 64, '1GD129620', '034115561A', '', '', '');
INSERT INTO filter(supply_id, brand_id, style_id, air, machine_oil, fuel_oil, air_condition_std, air_condition_carbon) VALUES(2, 2, 65, '1GD129620', '06A115561B/06A115561D/06A115561E', '1H0201511A/330298511A', '', '');
INSERT INTO filter(supply_id, brand_id, style_id, air, machine_oil, fuel_oil, air_condition_std, air_condition_carbon) VALUES(2, 2, 66, '1GD129620A', '074115562/038115466', '1GD127401', '', '');
INSERT INTO filter(supply_id, brand_id, style_id, air, machine_oil, fuel_oil, air_condition_std, air_condition_carbon) VALUES(2, 2, 67, '1K0129620C/1TD129620/1TD129620D', '03C115561E/03C115561B/03C115403F', '', '', '1K1819653A/1KD819644/1KD819653');
INSERT INTO filter(supply_id, brand_id, style_id, air, machine_oil, fuel_oil, air_condition_std, air_condition_carbon) VALUES(2, 2, 68, '1K0129620D/1K0129620B/1K0129620F', '', '6Q0101051C', '', '1K1819653A/1KD819644/1KD819653');
INSERT INTO filter(supply_id, brand_id, style_id, air, machine_oil, fuel_oil, air_condition_std, air_condition_carbon) VALUES(2, 2, 69, '1K0129620C/1TD129620/1TD129620D', '06A115561B/06A115561D/06A115561E', '6Q0101051C', '', '1K1819653A/1KD819644/1KD819653');
INSERT INTO filter(supply_id, brand_id, style_id, air, machine_oil, fuel_oil, air_condition_std, air_condition_carbon) VALUES(2, 2, 70, '1K0129620C/1TD129620/1TD129620D', '03C115561E/03C115561B/03C115403F', '', '', '1K1819653A/1KD819644/1KD819653');
INSERT INTO filter(supply_id, brand_id, style_id, air, machine_oil, fuel_oil, air_condition_std, air_condition_carbon) VALUES(2, 2, 71, '1K0129620C/1TD129620/1TD129620D', '06A115561B/06A115561D/06A115561E', '6Q0101051C', '', '1K1819653A/1KD819644/1KD819653');
INSERT INTO filter(supply_id, brand_id, style_id, air, machine_oil, fuel_oil, air_condition_std, air_condition_carbon) VALUES(2, 2, 72, '1K0129620D/1K0129620B/1K0129620F', '06J115403C/06J115561B/06H115403', '6Q0101051C', '', '1K1819653A/1KD819644/1KD819653');
INSERT INTO filter(supply_id, brand_id, style_id, air, machine_oil, fuel_oil, air_condition_std, air_condition_carbon) VALUES(2, 2, 73, '1K0129620C/1TD129620/1TD129620D', '06A115561B/06A115561D/06A115561E', '6Q0101051C', '', '1K1819653A/1KD819644/1KD819653');
INSERT INTO filter(supply_id, brand_id, style_id, air, machine_oil, fuel_oil, air_condition_std, air_condition_carbon) VALUES(2, 2, 74, '1K0129620C/1TD129620/1TD129620D', '06A115561B/06A115561D/06A115561E', '6Q0101051C', '', '1K1819653A/1KD819644/1KD819653');
