INSERT INTO supply(supply_id, supply_name) VALUES(1, '博世');
INSERT INTO brand(brand_id, brand_name) VALUES(1, '奥迪');
INSERT INTO style(style_id, style_name, brand_id) VALUES(2), '100 1.8', 1
INSERT INTO filter(supply_id, brand_id, style_id, air, machine_oil, fuel_oil, air_condition_std, air_condition_carbon) VALUES (1, 1, 2, '1457429054', '451103033', '450904149', '', '1987432324');
INSERT INTO style(style_id, style_name, brand_id) VALUES(3), '100 2.6E', 1
INSERT INTO filter(supply_id, brand_id, style_id, air, machine_oil, fuel_oil, air_condition_std, air_condition_carbon) VALUES (1, 1, 3, '1457429054', '451103033', '450904149', '', '1987432324');
INSERT INTO style(style_id, style_name, brand_id) VALUES(4), '100 2.2E', 1
INSERT INTO filter(supply_id, brand_id, style_id, air, machine_oil, fuel_oil, air_condition_std, air_condition_carbon) VALUES (1, 1, 4, '1457429054', '451103033', '450904149', '', '1987432324');
INSERT INTO style(style_id, style_name, brand_id) VALUES(5), '200 1.8i Turbo', 1
INSERT INTO filter(supply_id, brand_id, style_id, air, machine_oil, fuel_oil, air_condition_std, air_condition_carbon) VALUES (1, 1, 5, '0986AF2276', '', '450905145', '', '');
INSERT INTO style(style_id, style_name, brand_id) VALUES(6), '200 2.4i', 1
INSERT INTO filter(supply_id, brand_id, style_id, air, machine_oil, fuel_oil, air_condition_std, air_condition_carbon) VALUES (1, 1, 6, '0986AF2276', '', '450905145', '', '');
INSERT INTO style(style_id, style_name, brand_id) VALUES(7), '200 2.6i', 1
INSERT INTO filter(supply_id, brand_id, style_id, air, machine_oil, fuel_oil, air_condition_std, air_condition_carbon) VALUES (1, 1, 7, '0986AF2276', '', '450905145', '', '');
INSERT INTO style(style_id, style_name, brand_id) VALUES(8), 'A4 2.0', 1
INSERT INTO filter(supply_id, brand_id, style_id, air, machine_oil, fuel_oil, air_condition_std, air_condition_carbon) VALUES (1, 1, 8, '1457433046', '451103314', '450905318', '1987432071', '');
INSERT INTO style(style_id, style_name, brand_id) VALUES(9), 'A4 1.8 T', 1
INSERT INTO filter(supply_id, brand_id, style_id, air, machine_oil, fuel_oil, air_condition_std, air_condition_carbon) VALUES (1, 1, 9, '1457433046', '451103314', '450905318', '1987432071', '');
INSERT INTO style(style_id, style_name, brand_id) VALUES(10), 'A4 1.8i Turbo', 1
INSERT INTO filter(supply_id, brand_id, style_id, air, machine_oil, fuel_oil, air_condition_std, air_condition_carbon) VALUES (1, 1, 10, '1457433046', '451103314', '450905318', '1987432071', '');
INSERT INTO style(style_id, style_name, brand_id) VALUES(11), 'A4 3.0i quattro', 1
INSERT INTO filter(supply_id, brand_id, style_id, air, machine_oil, fuel_oil, air_condition_std, air_condition_carbon) VALUES (1, 1, 11, '1457433046', '451103314', '450905318', '1987432071', '');
INSERT INTO style(style_id, style_name, brand_id) VALUES(12), 'A4 2.4', 1
INSERT INTO filter(supply_id, brand_id, style_id, air, machine_oil, fuel_oil, air_condition_std, air_condition_carbon) VALUES (1, 1, 12, '1457433046', '451103314', '450905318', '1987432071', '');
INSERT INTO style(style_id, style_name, brand_id) VALUES(13), 'A4 2.0 TFSI', 1
INSERT INTO filter(supply_id, brand_id, style_id, air, machine_oil, fuel_oil, air_condition_std, air_condition_carbon) VALUES (1, 1, 13, '1457433046', '', '', '1987432071', '');
INSERT INTO style(style_id, style_name, brand_id) VALUES(14), 'A4 3.2 FSI quattro', 1
INSERT INTO filter(supply_id, brand_id, style_id, air, machine_oil, fuel_oil, air_condition_std, air_condition_carbon) VALUES (1, 1, 14, '', '0986AF1509', '', '', '');
INSERT INTO style(style_id, style_name, brand_id) VALUES(15), 'A6 1.8 T', 1
INSERT INTO filter(supply_id, brand_id, style_id, air, machine_oil, fuel_oil, air_condition_std, air_condition_carbon) VALUES (1, 1, 15, '0986AF2276', '451103314', '450905264', '', '1987432324');
INSERT INTO style(style_id, style_name, brand_id) VALUES(16), 'A6 2.7 Biturbo quattro', 1
INSERT INTO filter(supply_id, brand_id, style_id, air, machine_oil, fuel_oil, air_condition_std, air_condition_carbon) VALUES (1, 1, 16, '0986AF2276', '451103314', '450905264', '', '1987432324');
INSERT INTO style(style_id, style_name, brand_id) VALUES(17), 'A6 2.4', 1
INSERT INTO filter(supply_id, brand_id, style_id, air, machine_oil, fuel_oil, air_condition_std, air_condition_carbon) VALUES (1, 1, 17, '0986AF2276', '451103314', '450905264', '', '1987432324');
INSERT INTO style(style_id, style_name, brand_id) VALUES(18), 'A6 3.0', 1
INSERT INTO filter(supply_id, brand_id, style_id, air, machine_oil, fuel_oil, air_condition_std, air_condition_carbon) VALUES (1, 1, 18, '0986AF2276', '451103314', '450905264', '', '1987432324');
INSERT INTO style(style_id, style_name, brand_id) VALUES(19), 'A6 3.0 quattro', 1
INSERT INTO filter(supply_id, brand_id, style_id, air, machine_oil, fuel_oil, air_condition_std, air_condition_carbon) VALUES (1, 1, 19, '0986AF2276', '451103314', '450905264', '', '1987432324');
INSERT INTO style(style_id, style_name, brand_id) VALUES(20), 'A6 1.8i', 1
INSERT INTO filter(supply_id, brand_id, style_id, air, machine_oil, fuel_oil, air_condition_std, air_condition_carbon) VALUES (1, 1, 20, '0986AF2276', '451103314', '450905264', '', '1987432324');
INSERT INTO style(style_id, style_name, brand_id) VALUES(21), 'A6 1.8i Turbo', 1
INSERT INTO filter(supply_id, brand_id, style_id, air, machine_oil, fuel_oil, air_condition_std, air_condition_carbon) VALUES (1, 1, 21, '0986AF2276', '451103314', '450905264', '', '1987432324');
INSERT INTO style(style_id, style_name, brand_id) VALUES(22), 'A6 2.4i', 1
INSERT INTO filter(supply_id, brand_id, style_id, air, machine_oil, fuel_oil, air_condition_std, air_condition_carbon) VALUES (1, 1, 22, '0986AF2276', '451103314', '450905264', '', '1987432324');
INSERT INTO style(style_id, style_name, brand_id) VALUES(23), 'A6 2.8i', 1
INSERT INTO filter(supply_id, brand_id, style_id, air, machine_oil, fuel_oil, air_condition_std, air_condition_carbon) VALUES (1, 1, 23, '0986AF2276', '451103314', '450905264', '', '1987432324');
INSERT INTO style(style_id, style_name, brand_id) VALUES(24), 'A6 2.7 Avant Biturbo quattro', 1
INSERT INTO filter(supply_id, brand_id, style_id, air, machine_oil, fuel_oil, air_condition_std, air_condition_carbon) VALUES (1, 1, 24, '0986AF2276', '', '', '1987432071', '');
INSERT INTO style(style_id, style_name, brand_id) VALUES(25), 'A6L 2.4', 1
INSERT INTO filter(supply_id, brand_id, style_id, air, machine_oil, fuel_oil, air_condition_std, air_condition_carbon) VALUES (1, 1, 25, '0986AF2600', '0986AF1509', 'F026403003', '', '0986AF5433');
INSERT INTO style(style_id, style_name, brand_id) VALUES(26), 'A6L 3.0i', 1
INSERT INTO filter(supply_id, brand_id, style_id, air, machine_oil, fuel_oil, air_condition_std, air_condition_carbon) VALUES (1, 1, 26, '0986AF2600', '0986AF1509', 'F026403003', '', '0986AF5433');
INSERT INTO style(style_id, style_name, brand_id) VALUES(27), 'A6L 4.2i', 1
INSERT INTO filter(supply_id, brand_id, style_id, air, machine_oil, fuel_oil, air_condition_std, air_condition_carbon) VALUES (1, 1, 27, '0986AF2600', '0986AF1509', 'F026403003', '', '0986AF5433');
INSERT INTO style(style_id, style_name, brand_id) VALUES(28), 'A6L 2.8 FSI quattro', 1
INSERT INTO filter(supply_id, brand_id, style_id, air, machine_oil, fuel_oil, air_condition_std, air_condition_carbon) VALUES (1, 1, 28, '', '0986AF1509', 'F026403003', '', '0986AF5433');
INSERT INTO style(style_id, style_name, brand_id) VALUES(29), 'A8 2.8', 1
INSERT INTO filter(supply_id, brand_id, style_id, air, machine_oil, fuel_oil, air_condition_std, air_condition_carbon) VALUES (1, 1, 29, '', '0986AF0066', '', '', '');
INSERT INTO style(style_id, style_name, brand_id) VALUES(30), 'A8 3.7 quattro', 1
INSERT INTO filter(supply_id, brand_id, style_id, air, machine_oil, fuel_oil, air_condition_std, air_condition_carbon) VALUES (1, 1, 30, '1987429400', '0986AF1509', '450905318', '', '0986AF5433');
INSERT INTO style(style_id, style_name, brand_id) VALUES(31), 'A8 4.2 quattro', 1
INSERT INTO filter(supply_id, brand_id, style_id, air, machine_oil, fuel_oil, air_condition_std, air_condition_carbon) VALUES (1, 1, 31, '1987429400', '0986AF1509', '450905318', '', '0986AF5433');
INSERT INTO style(style_id, style_name, brand_id) VALUES(32), 'A8 3.0', 1
INSERT INTO filter(supply_id, brand_id, style_id, air, machine_oil, fuel_oil, air_condition_std, air_condition_carbon) VALUES (1, 1, 32, '1987429400', '0986AF1509', '450905318', '', '0986AF5433');
INSERT INTO style(style_id, style_name, brand_id) VALUES(33), 'A8 6.0 quattro', 1
INSERT INTO filter(supply_id, brand_id, style_id, air, machine_oil, fuel_oil, air_condition_std, air_condition_carbon) VALUES (1, 1, 33, '1987429400', '0986AF1509', '450905318', '', '0986AF5433');
INSERT INTO style(style_id, style_name, brand_id) VALUES(34), 'A8 3.0 quattro', 1
INSERT INTO filter(supply_id, brand_id, style_id, air, machine_oil, fuel_oil, air_condition_std, air_condition_carbon) VALUES (1, 1, 34, '1987429400', '0986AF1509', '450905318', '', '0986AF5433');
INSERT INTO style(style_id, style_name, brand_id) VALUES(35), 'A8 3.2 FSI', 1
INSERT INTO filter(supply_id, brand_id, style_id, air, machine_oil, fuel_oil, air_condition_std, air_condition_carbon) VALUES (1, 1, 35, '1987429400', '0986AF1509', '450905318', '', '0986AF5433');
INSERT INTO style(style_id, style_name, brand_id) VALUES(36), 'Q7 4.2 FSI', 1
INSERT INTO filter(supply_id, brand_id, style_id, air, machine_oil, fuel_oil, air_condition_std, air_condition_carbon) VALUES (1, 1, 36, '1987429190', 'F026407011', '', '', '1987432431');
INSERT INTO style(style_id, style_name, brand_id) VALUES(37), 'Q7 3.6 FSI', 1
INSERT INTO filter(supply_id, brand_id, style_id, air, machine_oil, fuel_oil, air_condition_std, air_condition_carbon) VALUES (1, 1, 37, '1987429190', 'F026407011', '', '', '1987432431');
INSERT INTO style(style_id, style_name, brand_id) VALUES(38), 'S8 5.2 FSI quattro', 1
INSERT INTO filter(supply_id, brand_id, style_id, air, machine_oil, fuel_oil, air_condition_std, air_condition_carbon) VALUES (1, 1, 38, '', 'F026407011', '', '', '0986AF5433');
INSERT INTO style(style_id, style_name, brand_id) VALUES(39), 'TT 3.2 Coupe quattro', 1
INSERT INTO filter(supply_id, brand_id, style_id, air, machine_oil, fuel_oil, air_condition_std, air_condition_carbon) VALUES (1, 1, 39, '1457433102', '', '450905959', '', '0986AF5432');
INSERT INTO style(style_id, style_name, brand_id) VALUES(40), 'TT 2.0 TFSI Coupe', 1
INSERT INTO filter(supply_id, brand_id, style_id, air, machine_oil, fuel_oil, air_condition_std, air_condition_carbon) VALUES (1, 1, 40, '1457433102', '', '450905959', '', '0986AF5432');
INSERT INTO brand(brand_id, brand_name) VALUES(2, '奔驰');
INSERT INTO style(style_id, style_name, brand_id) VALUES(41), 'CLK 230 KOMPRESSOR Cabrio', 2
INSERT INTO filter(supply_id, brand_id, style_id, air, machine_oil, fuel_oil, air_condition_std, air_condition_carbon) VALUES (1, 2, 41, '1457433752', '1457429122', '', '', '');
INSERT INTO style(style_id, style_name, brand_id) VALUES(42), 'E 200', 2
INSERT INTO filter(supply_id, brand_id, style_id, air, machine_oil, fuel_oil, air_condition_std, air_condition_carbon) VALUES (1, 2, 42, '1457433523', '1457429122', '450905275', '', '');
INSERT INTO style(style_id, style_name, brand_id) VALUES(43), 'E 200 KOMPRESSOR', 2
INSERT INTO filter(supply_id, brand_id, style_id, air, machine_oil, fuel_oil, air_condition_std, air_condition_carbon) VALUES (1, 2, 43, '1457433523', '1457429122', '450905275', '', '');
INSERT INTO style(style_id, style_name, brand_id) VALUES(44), 'E 240', 2
INSERT INTO filter(supply_id, brand_id, style_id, air, machine_oil, fuel_oil, air_condition_std, air_condition_carbon) VALUES (1, 2, 44, '1457433071', '1457429263', '', '1987432081', '');
INSERT INTO style(style_id, style_name, brand_id) VALUES(45), 'E 320', 2
INSERT INTO filter(supply_id, brand_id, style_id, air, machine_oil, fuel_oil, air_condition_std, air_condition_carbon) VALUES (1, 2, 45, '1457433071', '1457429263', '', '1987432081', '');
INSERT INTO style(style_id, style_name, brand_id) VALUES(46), 'E 200 KOMPRESSOR', 2
INSERT INTO filter(supply_id, brand_id, style_id, air, machine_oil, fuel_oil, air_condition_std, air_condition_carbon) VALUES (1, 2, 46, '1457433071', '1457429263', '', '1987432081', '');
INSERT INTO style(style_id, style_name, brand_id) VALUES(47), 'S 320', 2
INSERT INTO filter(supply_id, brand_id, style_id, air, machine_oil, fuel_oil, air_condition_std, air_condition_carbon) VALUES (1, 2, 47, '', '1457429122', '450905275', '', '');
INSERT INTO style(style_id, style_name, brand_id) VALUES(48), 'S 500', 2
INSERT INTO filter(supply_id, brand_id, style_id, air, machine_oil, fuel_oil, air_condition_std, air_condition_carbon) VALUES (1, 2, 48, '', '1457429122', '450905275', '', '');
INSERT INTO style(style_id, style_name, brand_id) VALUES(49), 'S 500', 2
INSERT INTO filter(supply_id, brand_id, style_id, air, machine_oil, fuel_oil, air_condition_std, air_condition_carbon) VALUES (1, 2, 49, '1457433071', '1457429263', '', '', '');
INSERT INTO style(style_id, style_name, brand_id) VALUES(50), 'S 600', 2
INSERT INTO filter(supply_id, brand_id, style_id, air, machine_oil, fuel_oil, air_condition_std, air_condition_carbon) VALUES (1, 2, 50, '1457433071', '1457429263', '', '', '');
INSERT INTO style(style_id, style_name, brand_id) VALUES(51), 'S 350', 2
INSERT INTO filter(supply_id, brand_id, style_id, air, machine_oil, fuel_oil, air_condition_std, air_condition_carbon) VALUES (1, 2, 51, '1457433071', '1457429263', '', '', '');
INSERT INTO style(style_id, style_name, brand_id) VALUES(52), 'S 350', 2
INSERT INTO filter(supply_id, brand_id, style_id, air, machine_oil, fuel_oil, air_condition_std, air_condition_carbon) VALUES (1, 2, 52, '1457433071', '1457429263', '', '', '');
INSERT INTO style(style_id, style_name, brand_id) VALUES(53), 'SLK 230 KOMPRESSOR', 2
INSERT INTO filter(supply_id, brand_id, style_id, air, machine_oil, fuel_oil, air_condition_std, air_condition_carbon) VALUES (1, 2, 53, '', '1457429122', '', '', '');
INSERT INTO style(style_id, style_name, brand_id) VALUES(54), 'SL 500', 2
INSERT INTO filter(supply_id, brand_id, style_id, air, machine_oil, fuel_oil, air_condition_std, air_condition_carbon) VALUES (1, 2, 54, '1457433071', '1457429263', '', '', '');
INSERT INTO style(style_id, style_name, brand_id) VALUES(55), 'SL 350', 2
INSERT INTO filter(supply_id, brand_id, style_id, air, machine_oil, fuel_oil, air_condition_std, air_condition_carbon) VALUES (1, 2, 55, '1457433071', '1457429263', '', '', '');
INSERT INTO brand(brand_id, brand_name) VALUES(3, '宝马');
INSERT INTO style(style_id, style_name, brand_id) VALUES(56), '130 i', 3
INSERT INTO filter(supply_id, brand_id, style_id, air, machine_oil, fuel_oil, air_condition_std, air_condition_carbon) VALUES (1, 3, 56, 'F026400018', '1457429269', '', '', '1987432424');
INSERT INTO style(style_id, style_name, brand_id) VALUES(57), '120 i', 3
INSERT INTO filter(supply_id, brand_id, style_id, air, machine_oil, fuel_oil, air_condition_std, air_condition_carbon) VALUES (1, 3, 57, 'F026400018', '1457429269', '', '', '1987432424');
INSERT INTO style(style_id, style_name, brand_id) VALUES(58), '330 i', 3
INSERT INTO filter(supply_id, brand_id, style_id, air, machine_oil, fuel_oil, air_condition_std, air_condition_carbon) VALUES (1, 3, 58, '', '1457429102', '450905952', '', '1987432336');
INSERT INTO style(style_id, style_name, brand_id) VALUES(59), '325 i', 3
INSERT INTO filter(supply_id, brand_id, style_id, air, machine_oil, fuel_oil, air_condition_std, air_condition_carbon) VALUES (1, 3, 59, '', '1457429102', '450905952', '', '1987432336');
INSERT INTO style(style_id, style_name, brand_id) VALUES(60), '318 i', 3
INSERT INTO filter(supply_id, brand_id, style_id, air, machine_oil, fuel_oil, air_condition_std, air_condition_carbon) VALUES (1, 3, 60, '', '1457429102', '450905952', '', '1987432336');
INSERT INTO style(style_id, style_name, brand_id) VALUES(61), '330 Ci Coupe', 3
INSERT INTO filter(supply_id, brand_id, style_id, air, machine_oil, fuel_oil, air_condition_std, air_condition_carbon) VALUES (1, 3, 61, '', '1457429102', '450905952', '', '1987432336');
INSERT INTO style(style_id, style_name, brand_id) VALUES(62), '325 Ci Coupe', 3
INSERT INTO filter(supply_id, brand_id, style_id, air, machine_oil, fuel_oil, air_condition_std, air_condition_carbon) VALUES (1, 3, 62, '', '1457429102', '450905952', '', '1987432336');
INSERT INTO style(style_id, style_name, brand_id) VALUES(63), '320 i', 3
INSERT INTO filter(supply_id, brand_id, style_id, air, machine_oil, fuel_oil, air_condition_std, air_condition_carbon) VALUES (1, 3, 63, 'F026400018', '1457429262', '', '', '1987432424');
INSERT INTO style(style_id, style_name, brand_id) VALUES(64), '545 i', 3
INSERT INTO filter(supply_id, brand_id, style_id, air, machine_oil, fuel_oil, air_condition_std, air_condition_carbon) VALUES (1, 3, 64, '1457433094', '1457429102', '', '', '1987432402');
INSERT INTO style(style_id, style_name, brand_id) VALUES(65), '530 i', 3
INSERT INTO filter(supply_id, brand_id, style_id, air, machine_oil, fuel_oil, air_condition_std, air_condition_carbon) VALUES (1, 3, 65, '1457433094', '1457429102', '', '', '1987432402');
INSERT INTO style(style_id, style_name, brand_id) VALUES(66), '523 i', 3
INSERT INTO filter(supply_id, brand_id, style_id, air, machine_oil, fuel_oil, air_condition_std, air_condition_carbon) VALUES (1, 3, 66, '1457433094', '1457429102', '', '', '1987432402');
INSERT INTO style(style_id, style_name, brand_id) VALUES(67), '520 i', 3
INSERT INTO filter(supply_id, brand_id, style_id, air, machine_oil, fuel_oil, air_condition_std, air_condition_carbon) VALUES (1, 3, 67, '1457433094', '1457429102', '', '', '1987432402');
INSERT INTO style(style_id, style_name, brand_id) VALUES(68), '525 i', 3
INSERT INTO filter(supply_id, brand_id, style_id, air, machine_oil, fuel_oil, air_condition_std, air_condition_carbon) VALUES (1, 3, 68, '1457433094', '1457429102', '', '', '1987432402');
INSERT INTO style(style_id, style_name, brand_id) VALUES(69), '550 i', 3
INSERT INTO filter(supply_id, brand_id, style_id, air, machine_oil, fuel_oil, air_condition_std, air_condition_carbon) VALUES (1, 3, 69, '1457433094', '1457429102', '', '', '1987432402');
INSERT INTO style(style_id, style_name, brand_id) VALUES(70), '523 Li', 3
INSERT INTO filter(supply_id, brand_id, style_id, air, machine_oil, fuel_oil, air_condition_std, air_condition_carbon) VALUES (1, 3, 70, '1457433094', '1457429102', '', '', '1987432402');
INSERT INTO style(style_id, style_name, brand_id) VALUES(71), '525 Li', 3
INSERT INTO filter(supply_id, brand_id, style_id, air, machine_oil, fuel_oil, air_condition_std, air_condition_carbon) VALUES (1, 3, 71, '1457433094', '1457429102', '', '', '1987432402');
INSERT INTO style(style_id, style_name, brand_id) VALUES(72), '530 Li', 3
INSERT INTO filter(supply_id, brand_id, style_id, air, machine_oil, fuel_oil, air_condition_std, air_condition_carbon) VALUES (1, 3, 72, '1457433094', '1457429102', '', '', '1987432402');
INSERT INTO style(style_id, style_name, brand_id) VALUES(73), '645 Ci Cabrio', 3
INSERT INTO filter(supply_id, brand_id, style_id, air, machine_oil, fuel_oil, air_condition_std, air_condition_carbon) VALUES (1, 3, 73, '1457433094', '1457429269', '', '', '1987432402');
INSERT INTO style(style_id, style_name, brand_id) VALUES(74), '630 i Cabrio', 3
INSERT INTO filter(supply_id, brand_id, style_id, air, machine_oil, fuel_oil, air_condition_std, air_condition_carbon) VALUES (1, 3, 74, '1457433094', '1457429269', '', '', '1987432402');
INSERT INTO style(style_id, style_name, brand_id) VALUES(75), 'M 6 Cabrio', 3
INSERT INTO filter(supply_id, brand_id, style_id, air, machine_oil, fuel_oil, air_condition_std, air_condition_carbon) VALUES (1, 3, 75, '1457433094', '1457429269', '', '', '1987432402');
INSERT INTO style(style_id, style_name, brand_id) VALUES(76), '728 i,iL', 3
INSERT INTO filter(supply_id, brand_id, style_id, air, machine_oil, fuel_oil, air_condition_std, air_condition_carbon) VALUES (1, 3, 76, '', '1457429102', '450905905', '', '1987432362');
INSERT INTO style(style_id, style_name, brand_id) VALUES(77), '735 i', 3
INSERT INTO filter(supply_id, brand_id, style_id, air, machine_oil, fuel_oil, air_condition_std, air_condition_carbon) VALUES (1, 3, 77, '', '', '', '1987432103', '');
INSERT INTO style(style_id, style_name, brand_id) VALUES(78), '745 Li', 3
INSERT INTO filter(supply_id, brand_id, style_id, air, machine_oil, fuel_oil, air_condition_std, air_condition_carbon) VALUES (1, 3, 78, '', '1457429269', '', '1987432103', '');
INSERT INTO style(style_id, style_name, brand_id) VALUES(79), '760 Li', 3
INSERT INTO filter(supply_id, brand_id, style_id, air, machine_oil, fuel_oil, air_condition_std, air_condition_carbon) VALUES (1, 3, 79, '', '1457429269', '', '1987432103', '');
INSERT INTO style(style_id, style_name, brand_id) VALUES(80), '730 Li', 3
INSERT INTO filter(supply_id, brand_id, style_id, air, machine_oil, fuel_oil, air_condition_std, air_condition_carbon) VALUES (1, 3, 80, '', '1457429269', '', '1987432103', '');
INSERT INTO style(style_id, style_name, brand_id) VALUES(81), 'X 5 4.8 is', 3
INSERT INTO filter(supply_id, brand_id, style_id, air, machine_oil, fuel_oil, air_condition_std, air_condition_carbon) VALUES (1, 3, 81, '1457433698', '', 'F026403000', '', '');
INSERT INTO style(style_id, style_name, brand_id) VALUES(82), 'Z 3 3.0 i Coupe', 3
INSERT INTO filter(supply_id, brand_id, style_id, air, machine_oil, fuel_oil, air_condition_std, air_condition_carbon) VALUES (1, 3, 82, '', '1457429102', '450905952', '', '');
INSERT INTO style(style_id, style_name, brand_id) VALUES(83), 'Z 4 sDrive 23 i', 3
INSERT INTO filter(supply_id, brand_id, style_id, air, machine_oil, fuel_oil, air_condition_std, air_condition_carbon) VALUES (1, 3, 83, '', '1457429269', '', '', '');
INSERT INTO style(style_id, style_name, brand_id) VALUES(84), 'Z 4 sDrive 30 i', 3
INSERT INTO filter(supply_id, brand_id, style_id, air, machine_oil, fuel_oil, air_condition_std, air_condition_carbon) VALUES (1, 3, 84, '', '1457429269', '', '', '');
INSERT INTO brand(brand_id, brand_name) VALUES(4, '大众');
INSERT INTO style(style_id, style_name, brand_id) VALUES(85), '捷达化油器', 4
INSERT INTO filter(supply_id, brand_id, style_id, air, machine_oil, fuel_oil, air_condition_std, air_condition_carbon) VALUES (1, 4, 85, '0986AF2273', '0986AF0052', '0986AF8128', '0986AF5403', '');
INSERT INTO style(style_id, style_name, brand_id) VALUES(86), '捷达电喷 5V', 4
INSERT INTO filter(supply_id, brand_id, style_id, air, machine_oil, fuel_oil, air_condition_std, air_condition_carbon) VALUES (1, 4, 86, '0986AF2277', '0986AF0054', '0986AF8128', '0986AF5403', '');
INSERT INTO style(style_id, style_name, brand_id) VALUES(87), '捷达王 2V 新捷达', 4
INSERT INTO filter(supply_id, brand_id, style_id, air, machine_oil, fuel_oil, air_condition_std, air_condition_carbon) VALUES (1, 4, 87, '0986AF2278', '0986AF0051', '0986AF8128', '0986AF5403', '');
INSERT INTO style(style_id, style_name, brand_id) VALUES(88), '捷达柴油车', 4
INSERT INTO filter(supply_id, brand_id, style_id, air, machine_oil, fuel_oil, air_condition_std, air_condition_carbon) VALUES (1, 4, 88, '0986AF2285', '0986AF0027', '', '0986AF5403', '');
INSERT INTO style(style_id, style_name, brand_id) VALUES(89), '桑塔纳化油器', 4
INSERT INTO filter(supply_id, brand_id, style_id, air, machine_oil, fuel_oil, air_condition_std, air_condition_carbon) VALUES (1, 4, 89, '0986AF2273', '0986AF0052', '0986AF8120', '', '');
INSERT INTO style(style_id, style_name, brand_id) VALUES(90), '桑塔纳 2000电喷', 4
INSERT INTO filter(supply_id, brand_id, style_id, air, machine_oil, fuel_oil, air_condition_std, air_condition_carbon) VALUES (1, 4, 90, '0986AF2274', '0986AF0054', '0986AF8120', '', '');
INSERT INTO style(style_id, style_name, brand_id) VALUES(91), '桑塔纳 2000超人 新秀', 4
INSERT INTO filter(supply_id, brand_id, style_id, air, machine_oil, fuel_oil, air_condition_std, air_condition_carbon) VALUES (1, 4, 91, '0986AF2275', '0986AF0051', '0986AF8120', '', '');
INSERT INTO style(style_id, style_name, brand_id) VALUES(92), '桑塔纳 3000 1.8i 老款', 4
INSERT INTO filter(supply_id, brand_id, style_id, air, machine_oil, fuel_oil, air_condition_std, air_condition_carbon) VALUES (1, 4, 92, '0986AF2275', '0986AF0054', '0986AF8120', '0986AF5429', '');
INSERT INTO style(style_id, style_name, brand_id) VALUES(93), '桑塔纳 3000 1.8i 2.0i 新款', 4
INSERT INTO filter(supply_id, brand_id, style_id, air, machine_oil, fuel_oil, air_condition_std, air_condition_carbon) VALUES (1, 4, 93, '0986AF2102', '0986AF0054', '0986AF8120', '0986AF5429', '');
INSERT INTO style(style_id, style_name, brand_id) VALUES(94), '桑塔纳 志俊', 4
INSERT INTO filter(supply_id, brand_id, style_id, air, machine_oil, fuel_oil, air_condition_std, air_condition_carbon) VALUES (1, 4, 94, '0986AF2102', '0986AF0051', '0986AF8120', '0986AF5429', '');
INSERT INTO style(style_id, style_name, brand_id) VALUES(95), '宝来 1.6i,1.8i', 4
INSERT INTO filter(supply_id, brand_id, style_id, air, machine_oil, fuel_oil, air_condition_std, air_condition_carbon) VALUES (1, 4, 95, '0986AF2280', '0986AF0051', '0986AF8130', '', '0986AF5405');
INSERT INTO style(style_id, style_name, brand_id) VALUES(96), '宝来 1.8T 涡轮增压', 4
INSERT INTO filter(supply_id, brand_id, style_id, air, machine_oil, fuel_oil, air_condition_std, air_condition_carbon) VALUES (1, 4, 96, '0986AF2281', '0986AF0051', '0986AF8130', '', '0986AF5405');
INSERT INTO style(style_id, style_name, brand_id) VALUES(97), '宝来 1.9 TDI 柴油', 4
INSERT INTO filter(supply_id, brand_id, style_id, air, machine_oil, fuel_oil, air_condition_std, air_condition_carbon) VALUES (1, 4, 97, '0986AF2280', '0986AF0027', '', '', '0986AF5405');
INSERT INTO style(style_id, style_name, brand_id) VALUES(98), '帕萨特 1.8i 1.8T 2.0i', 4
INSERT INTO filter(supply_id, brand_id, style_id, air, machine_oil, fuel_oil, air_condition_std, air_condition_carbon) VALUES (1, 4, 98, '0986AF2276', '0986AF0051', '0986AF8120', '0986AF5412', '0986AF5428');
INSERT INTO style(style_id, style_name, brand_id) VALUES(99), '帕萨特 2.8i', 4
INSERT INTO filter(supply_id, brand_id, style_id, air, machine_oil, fuel_oil, air_condition_std, air_condition_carbon) VALUES (1, 4, 99, '0986AF2276', '0986AF0066', '0986AF8120', '0986AF5412', '0986AF5428');
INSERT INTO style(style_id, style_name, brand_id) VALUES(100), '帕萨特 新领域1.8T', 4
INSERT INTO filter(supply_id, brand_id, style_id, air, machine_oil, fuel_oil, air_condition_std, air_condition_carbon) VALUES (1, 4, 100, '0986AF2427', '0986AF0051', '0986AF8120', '0986AF5412', '0986AF5428');
INSERT INTO style(style_id, style_name, brand_id) VALUES(101), '帕萨特 新领域2.0L', 4
INSERT INTO filter(supply_id, brand_id, style_id, air, machine_oil, fuel_oil, air_condition_std, air_condition_carbon) VALUES (1, 4, 101, '0986AF2427', '0986AF0051', '0986AF8120', '0986AF5412', '0986AF5428');
INSERT INTO style(style_id, style_name, brand_id) VALUES(102), '帕萨特 新领域2.8L', 4
INSERT INTO filter(supply_id, brand_id, style_id, air, machine_oil, fuel_oil, air_condition_std, air_condition_carbon) VALUES (1, 4, 102, '0986AF2427', '0986AF0066', '0986AF8120', '0986AF5412', '0986AF5428');
INSERT INTO style(style_id, style_name, brand_id) VALUES(103), 'Polo波罗 1.4i (两厢)', 4
INSERT INTO filter(supply_id, brand_id, style_id, air, machine_oil, fuel_oil, air_condition_std, air_condition_carbon) VALUES (1, 4, 103, '0986AF2279', '0986AF0198', '0986AF8129', '0986AF5410', '0986AF5430');
INSERT INTO style(style_id, style_name, brand_id) VALUES(104), 'Polo波罗 1.6i (两厢)', 4
INSERT INTO filter(supply_id, brand_id, style_id, air, machine_oil, fuel_oil, air_condition_std, air_condition_carbon) VALUES (1, 4, 104, '0986AF2279', '0986AF0051', '0986AF8129', '0986AF5410', '0986AF5430');
INSERT INTO style(style_id, style_name, brand_id) VALUES(105), 'Polo波罗 1.4i 劲情劲取', 4
INSERT INTO filter(supply_id, brand_id, style_id, air, machine_oil, fuel_oil, air_condition_std, air_condition_carbon) VALUES (1, 4, 105, '0986AF2282', '0986AF0028', '0986AF8114', '0986AF5410', '0986AF5430');
INSERT INTO style(style_id, style_name, brand_id) VALUES(106), '开迪 1.6i', 4
INSERT INTO filter(supply_id, brand_id, style_id, air, machine_oil, fuel_oil, air_condition_std, air_condition_carbon) VALUES (1, 4, 106, '0986AF2284', '0986AF0051', '0986AF8114', '0986AF5431', '0986AF5432');
INSERT INTO style(style_id, style_name, brand_id) VALUES(107), '高尔 1.6L', 4
INSERT INTO filter(supply_id, brand_id, style_id, air, machine_oil, fuel_oil, air_condition_std, air_condition_carbon) VALUES (1, 4, 107, '0986AF2430', '0986AF0051', '', '', '');
INSERT INTO style(style_id, style_name, brand_id) VALUES(108), '高尔 2.0 SDI', 4
INSERT INTO filter(supply_id, brand_id, style_id, air, machine_oil, fuel_oil, air_condition_std, air_condition_carbon) VALUES (1, 4, 108, '0986AF2283', '0986AF0051', '', '0986AF5409', '');
INSERT INTO style(style_id, style_name, brand_id) VALUES(109), '都市高尔夫 1.6', 4
INSERT INTO filter(supply_id, brand_id, style_id, air, machine_oil, fuel_oil, air_condition_std, air_condition_carbon) VALUES (1, 4, 109, '0986AF2225', '0986AF0051', '0986AF8130', '', '0986AF5405');
INSERT INTO style(style_id, style_name, brand_id) VALUES(110), '高尔夫三代 2.0i', 4
INSERT INTO filter(supply_id, brand_id, style_id, air, machine_oil, fuel_oil, air_condition_std, air_condition_carbon) VALUES (1, 4, 110, '0986AF2224', '0986AF0051', '0986AF8130', '', '0986AF5405');
INSERT INTO style(style_id, style_name, brand_id) VALUES(111), '高尔夫三代 2.8i VR6', 4
INSERT INTO filter(supply_id, brand_id, style_id, air, machine_oil, fuel_oil, air_condition_std, air_condition_carbon) VALUES (1, 4, 111, '0986AF2224', '', '0986AF8130', '', '0986AF5405');
INSERT INTO style(style_id, style_name, brand_id) VALUES(112), '高尔夫IV 1.6i, 1.8i, 2.0i', 4
INSERT INTO filter(supply_id, brand_id, style_id, air, machine_oil, fuel_oil, air_condition_std, air_condition_carbon) VALUES (1, 4, 112, '0986AF2280', '0986AF0051', '0986AF8130', '', '0986AF5405');
INSERT INTO style(style_id, style_name, brand_id) VALUES(113), '迈腾 1.8T', 4
INSERT INTO filter(supply_id, brand_id, style_id, air, machine_oil, fuel_oil, air_condition_std, air_condition_carbon) VALUES (1, 4, 113, '0986AF2438', 'F026407080', '0986AF8114', '', '1987432397');
INSERT INTO style(style_id, style_name, brand_id) VALUES(114), '迈腾 2.0i', 4
INSERT INTO filter(supply_id, brand_id, style_id, air, machine_oil, fuel_oil, air_condition_std, air_condition_carbon) VALUES (1, 4, 114, '0986AF2284', '0986AF0051', '', '', '1987432397');
INSERT INTO style(style_id, style_name, brand_id) VALUES(115), '迈腾 2.0T', 4
INSERT INTO filter(supply_id, brand_id, style_id, air, machine_oil, fuel_oil, air_condition_std, air_condition_carbon) VALUES (1, 4, 115, '0986AF2438', 'F026407080', '0986AF8114', '', '1987432397');
INSERT INTO style(style_id, style_name, brand_id) VALUES(116), '迈腾 1.8TFSI', 4
INSERT INTO filter(supply_id, brand_id, style_id, air, machine_oil, fuel_oil, air_condition_std, air_condition_carbon) VALUES (1, 4, 116, '0986AF2284', '', '', '', '');
INSERT INTO style(style_id, style_name, brand_id) VALUES(117), '速腾 1.6i, 2.0i 小卡钳', 4
INSERT INTO filter(supply_id, brand_id, style_id, air, machine_oil, fuel_oil, air_condition_std, air_condition_carbon) VALUES (1, 4, 117, '0986AF2284', '0986AF0066', '0986AF8114', '0986AF5431', '1987432397');
INSERT INTO style(style_id, style_name, brand_id) VALUES(118), '速腾 1.8i', 4
INSERT INTO filter(supply_id, brand_id, style_id, air, machine_oil, fuel_oil, air_condition_std, air_condition_carbon) VALUES (1, 4, 118, '0986AF2284', '0986AF0066', '0986AF8114', '', '1987432397');
INSERT INTO style(style_id, style_name, brand_id) VALUES(119), '速腾 1.8TFSI 2.0 大卡钳', 4
INSERT INTO filter(supply_id, brand_id, style_id, air, machine_oil, fuel_oil, air_condition_std, air_condition_carbon) VALUES (1, 4, 119, '0986AF2284', '', '', '', '');
INSERT INTO style(style_id, style_name, brand_id) VALUES(120), '迈腾 2.0L', 4
INSERT INTO filter(supply_id, brand_id, style_id, air, machine_oil, fuel_oil, air_condition_std, air_condition_carbon) VALUES (1, 4, 120, '0986AF2438', '0986AF0051', '0986AF8114', '0986AF5431', '1987432097');
INSERT INTO style(style_id, style_name, brand_id) VALUES(121), '迈腾 2.0T', 4
INSERT INTO filter(supply_id, brand_id, style_id, air, machine_oil, fuel_oil, air_condition_std, air_condition_carbon) VALUES (1, 4, 121, '0986AF2438', 'F026407080', '0986AF8114', '0986AF5431', '1987432097');
INSERT INTO style(style_id, style_name, brand_id) VALUES(122), '迈腾 1.8 Tsi', 4
INSERT INTO filter(supply_id, brand_id, style_id, air, machine_oil, fuel_oil, air_condition_std, air_condition_carbon) VALUES (1, 4, 122, '0986AF2438', 'F026407080', '0986AF8114', '0986AF5431', '1987432097');
INSERT INTO style(style_id, style_name, brand_id) VALUES(123), '速腾 1.4Tsi', 4
INSERT INTO filter(supply_id, brand_id, style_id, air, machine_oil, fuel_oil, air_condition_std, air_condition_carbon) VALUES (1, 4, 123, '0986AF2284', 'F026407079', '0986AF8114', '0986AF5431', '1987432097');
INSERT INTO style(style_id, style_name, brand_id) VALUES(124), '速腾 1.6L', 4
INSERT INTO filter(supply_id, brand_id, style_id, air, machine_oil, fuel_oil, air_condition_std, air_condition_carbon) VALUES (1, 4, 124, '0986AF2284', '0986AF0066', '0986AF8114', '0986AF5431', '1987432097');
INSERT INTO style(style_id, style_name, brand_id) VALUES(125), '速腾 1.8T', 4
INSERT INTO filter(supply_id, brand_id, style_id, air, machine_oil, fuel_oil, air_condition_std, air_condition_carbon) VALUES (1, 4, 125, '0986AF2284', 'F026407080', '0986AF8114', '0986AF5431', '1987432097');
INSERT INTO style(style_id, style_name, brand_id) VALUES(126), '速腾 2.0L', 4
INSERT INTO filter(supply_id, brand_id, style_id, air, machine_oil, fuel_oil, air_condition_std, air_condition_carbon) VALUES (1, 4, 126, '0986AF2284', '0986AF0066', '0986AF8114', '0986AF5431', '1987432097');
INSERT INTO style(style_id, style_name, brand_id) VALUES(127), '朗逸 1.6L', 4
INSERT INTO filter(supply_id, brand_id, style_id, air, machine_oil, fuel_oil, air_condition_std, air_condition_carbon) VALUES (1, 4, 127, '', '0986AF2282', '', '', '1987432300');
INSERT INTO style(style_id, style_name, brand_id) VALUES(128), '途观 1.8L ,1.8T', 4
INSERT INTO filter(supply_id, brand_id, style_id, air, machine_oil, fuel_oil, air_condition_std, air_condition_carbon) VALUES (1, 4, 128, '0986AF2438', 'F026407080', '450905959', '0986AF5431', '1987432097');
INSERT INTO style(style_id, style_name, brand_id) VALUES(129), '途观 2.0L ,2.0T', 4
INSERT INTO filter(supply_id, brand_id, style_id, air, machine_oil, fuel_oil, air_condition_std, air_condition_carbon) VALUES (1, 4, 129, '0986AF2438', 'F026407080', '', '0986AF5431', '1987432097');
INSERT INTO style(style_id, style_name, brand_id) VALUES(130), '逍客', 4
INSERT INTO filter(supply_id, brand_id, style_id, air, machine_oil, fuel_oil, air_condition_std, air_condition_carbon) VALUES (1, 4, 130, 'F026400126', '', '', '', '');
INSERT INTO style(style_id, style_name, brand_id) VALUES(131), '途安 1.8i Turbo, Touran 2.0i', 4
INSERT INTO filter(supply_id, brand_id, style_id, air, machine_oil, fuel_oil, air_condition_std, air_condition_carbon) VALUES (1, 4, 131, '0986AF2284', '0986AF0051', '0986AF8114', '0986AF5431', '0986AF5432');
INSERT INTO brand(brand_id, brand_name) VALUES(5, '斯柯达');
INSERT INTO style(style_id, style_name, brand_id) VALUES(132), '明锐 1.6i, 1.8i', 5
INSERT INTO filter(supply_id, brand_id, style_id, air, machine_oil, fuel_oil, air_condition_std, air_condition_carbon) VALUES (1, 5, 132, '', '0986AF0058', '0986AF8114', '0986AF5431', '0986AF5432');
INSERT INTO style(style_id, style_name, brand_id) VALUES(133), '明锐 2.0i', 5
INSERT INTO filter(supply_id, brand_id, style_id, air, machine_oil, fuel_oil, air_condition_std, air_condition_carbon) VALUES (1, 5, 133, '0986AF2426', '0986AF0058', '0986AF8114', '', '');
INSERT INTO brand(brand_id, brand_name) VALUES(6, '别克');
INSERT INTO style(style_id, style_name, brand_id) VALUES(134), '新世纪 2.5i, 3.0i', 6
INSERT INTO filter(supply_id, brand_id, style_id, air, machine_oil, fuel_oil, air_condition_std, air_condition_carbon) VALUES (1, 6, 134, '0986AF2254', '0986AF0057', '0986AF8136', '0986AF5421', '');
INSERT INTO style(style_id, style_name, brand_id) VALUES(135), '君威 2.0i 2.5 2008以前', 6
INSERT INTO filter(supply_id, brand_id, style_id, air, machine_oil, fuel_oil, air_condition_std, air_condition_carbon) VALUES (1, 6, 135, '0986AF2254', '0986AF0057', '0986AF8136', '0986AF5407', '0986AF5421');
INSERT INTO style(style_id, style_name, brand_id) VALUES(136), '君威 2.5i, 3.0i 新款', 6
INSERT INTO filter(supply_id, brand_id, style_id, air, machine_oil, fuel_oil, air_condition_std, air_condition_carbon) VALUES (1, 6, 136, '0986AF2254', '0986AF0057', '', '0986AF5421', '');
INSERT INTO style(style_id, style_name, brand_id) VALUES(137), '赛欧 1.6i, 1.6i Hatchback', 6
INSERT INTO filter(supply_id, brand_id, style_id, air, machine_oil, fuel_oil, air_condition_std, air_condition_carbon) VALUES (1, 6, 137, '0986AF2256', '0986AF0057', '0986AF8156', '0986AF5400', '');
INSERT INTO style(style_id, style_name, brand_id) VALUES(138), '赛欧 1.6i 8V, 1.6i SRV 新赛欧', 6
INSERT INTO filter(supply_id, brand_id, style_id, air, machine_oil, fuel_oil, air_condition_std, air_condition_carbon) VALUES (1, 6, 138, '0986AF2256', '0986AF0057', '0986AF8156', '0986AF5400', '');
INSERT INTO style(style_id, style_name, brand_id) VALUES(139), '凯越 1.6i, 1.6i HRV 1.8i 老07年以前', 6
INSERT INTO filter(supply_id, brand_id, style_id, air, machine_oil, fuel_oil, air_condition_std, air_condition_carbon) VALUES (1, 6, 139, '0986AF2255', '0986AF0057', '0986AF8137', '0986AF4058', '');
INSERT INTO style(style_id, style_name, brand_id) VALUES(140), '新凯越 1.6i, 1.6i HRV 1.8i 新07年以后', 6
INSERT INTO filter(supply_id, brand_id, style_id, air, machine_oil, fuel_oil, air_condition_std, air_condition_carbon) VALUES (1, 6, 140, '0986AF2255', '0986AF0057', '0986AF8137', '', '');
INSERT INTO style(style_id, style_name, brand_id) VALUES(141), '别克 GL8 2.5i', 6
INSERT INTO filter(supply_id, brand_id, style_id, air, machine_oil, fuel_oil, air_condition_std, air_condition_carbon) VALUES (1, 6, 141, '0986AF2253', '0986AF0057', '0986AF8134', '', '');
INSERT INTO style(style_id, style_name, brand_id) VALUES(142), '别克 GL8 路尊 3.0i', 6
INSERT INTO filter(supply_id, brand_id, style_id, air, machine_oil, fuel_oil, air_condition_std, air_condition_carbon) VALUES (1, 6, 142, '0986AF2253', '0986AF0029', '0986AF8134', '0986AF5423', '');
INSERT INTO style(style_id, style_name, brand_id) VALUES(143), '别克新 GL8 2.4i', 6
INSERT INTO filter(supply_id, brand_id, style_id, air, machine_oil, fuel_oil, air_condition_std, air_condition_carbon) VALUES (1, 6, 143, '0986AF2431', '', '', '', '');
INSERT INTO style(style_id, style_name, brand_id) VALUES(144), '别克新 GL8 3.0L', 6
INSERT INTO filter(supply_id, brand_id, style_id, air, machine_oil, fuel_oil, air_condition_std, air_condition_carbon) VALUES (1, 6, 144, '0986AF2431', '', '', '', '');
INSERT INTO style(style_id, style_name, brand_id) VALUES(145), '英朗 XT 1.8L', 6
INSERT INTO filter(supply_id, brand_id, style_id, air, machine_oil, fuel_oil, air_condition_std, air_condition_carbon) VALUES (1, 6, 145, '0986AF2428', '', '', '', '');
INSERT INTO style(style_id, style_name, brand_id) VALUES(146), '君越 2.4i', 6
INSERT INTO filter(supply_id, brand_id, style_id, air, machine_oil, fuel_oil, air_condition_std, air_condition_carbon) VALUES (1, 6, 146, '0986AF2254', '0986AF0029', '0986AF8051', '0986AF5422', '0986AF4051');
INSERT INTO style(style_id, style_name, brand_id) VALUES(147), '君越 3.0i', 6
INSERT INTO filter(supply_id, brand_id, style_id, air, machine_oil, fuel_oil, air_condition_std, air_condition_carbon) VALUES (1, 6, 147, '0986AF2254', '0986AF0029', '0986AF8136', '0986AF5422', '0986AF4051');
INSERT INTO style(style_id, style_name, brand_id) VALUES(148), '君越 2.4i 3.0 新款', 6
INSERT INTO filter(supply_id, brand_id, style_id, air, machine_oil, fuel_oil, air_condition_std, air_condition_carbon) VALUES (1, 6, 148, '0986AF2254', '0986AF0029', '', '0986AF5422', '');
INSERT INTO style(style_id, style_name, brand_id) VALUES(149), '君越 2.4i 3.0 第一代 老款', 6
INSERT INTO filter(supply_id, brand_id, style_id, air, machine_oil, fuel_oil, air_condition_std, air_condition_carbon) VALUES (1, 6, 149, '0986AF2254', '0986AF0029', '', '0986AF5422', '');
INSERT INTO brand(brand_id, brand_name) VALUES(7, '雪佛兰');
INSERT INTO style(style_id, style_name, brand_id) VALUES(150), '乐骋 1.4i Hatchback', 7
INSERT INTO filter(supply_id, brand_id, style_id, air, machine_oil, fuel_oil, air_condition_std, air_condition_carbon) VALUES (1, 7, 150, '0986AF2319', '0986AF0057', '0986AF8137', '0986AF5424', '');
INSERT INTO style(style_id, style_name, brand_id) VALUES(151), '乐骋 1.6L', 7
INSERT INTO filter(supply_id, brand_id, style_id, air, machine_oil, fuel_oil, air_condition_std, air_condition_carbon) VALUES (1, 7, 151, '', '', '', '', '0986AF4050');
INSERT INTO style(style_id, style_name, brand_id) VALUES(152), '乐驰 0.8L 6v sohc L3', 7
INSERT INTO filter(supply_id, brand_id, style_id, air, machine_oil, fuel_oil, air_condition_std, air_condition_carbon) VALUES (1, 7, 152, '0986AF2435', '0986AF0062', '0986AF8137', '', '');
INSERT INTO style(style_id, style_name, brand_id) VALUES(153), '乐驰 1.0L 16v dohc L4', 7
INSERT INTO filter(supply_id, brand_id, style_id, air, machine_oil, fuel_oil, air_condition_std, air_condition_carbon) VALUES (1, 7, 153, '0986AF2435', '0986AF0062', '0986AF8137', '', '');
INSERT INTO style(style_id, style_name, brand_id) VALUES(154), '乐驰 1.0L 8v sohc L4', 7
INSERT INTO filter(supply_id, brand_id, style_id, air, machine_oil, fuel_oil, air_condition_std, air_condition_carbon) VALUES (1, 7, 154, '0986AF2435', '0986AF0062', '0986AF8137', '', '');
INSERT INTO style(style_id, style_name, brand_id) VALUES(155), '乐驰 1.2L 16v dohc L4', 7
INSERT INTO filter(supply_id, brand_id, style_id, air, machine_oil, fuel_oil, air_condition_std, air_condition_carbon) VALUES (1, 7, 155, '0986AF2435', '', '0986AF8112', '', '');
INSERT INTO style(style_id, style_name, brand_id) VALUES(156), '开拓者 2.4i', 7
INSERT INTO filter(supply_id, brand_id, style_id, air, machine_oil, fuel_oil, air_condition_std, air_condition_carbon) VALUES (1, 7, 156, '0986AF2229', '0986AF0057', '', '', '');
INSERT INTO style(style_id, style_name, brand_id) VALUES(157), '景程 2.0i', 7
INSERT INTO filter(supply_id, brand_id, style_id, air, machine_oil, fuel_oil, air_condition_std, air_condition_carbon) VALUES (1, 7, 157, '0986AF2316', '0986AF0057', '0986AF8137', '0986AF5425', '0986AF5439');
INSERT INTO style(style_id, style_name, brand_id) VALUES(158), '景程 2.5i', 7
INSERT INTO filter(supply_id, brand_id, style_id, air, machine_oil, fuel_oil, air_condition_std, air_condition_carbon) VALUES (1, 7, 158, '0986AF2316', '0986AF0057', '', '0986AF5425', '0986AF5439');
INSERT INTO style(style_id, style_name, brand_id) VALUES(159), '新景程', 7
INSERT INTO filter(supply_id, brand_id, style_id, air, machine_oil, fuel_oil, air_condition_std, air_condition_carbon) VALUES (1, 7, 159, '0986AF2316', '0986AF0057', '', '', '');
INSERT INTO style(style_id, style_name, brand_id) VALUES(160), '新景程 1.8L', 7
INSERT INTO filter(supply_id, brand_id, style_id, air, machine_oil, fuel_oil, air_condition_std, air_condition_carbon) VALUES (1, 7, 160, '0986AF2429', '', '', '', '');
INSERT INTO style(style_id, style_name, brand_id) VALUES(161), '乐风 1.4i, 1.6i', 7
INSERT INTO filter(supply_id, brand_id, style_id, air, machine_oil, fuel_oil, air_condition_std, air_condition_carbon) VALUES (1, 7, 161, '0986AF2319', '0986AF0057', '0986AF8137', '0986AF5424', '');
INSERT INTO style(style_id, style_name, brand_id) VALUES(162), '雪佛兰乐驰 0.8i, 1.0i', 7
INSERT INTO filter(supply_id, brand_id, style_id, air, machine_oil, fuel_oil, air_condition_std, air_condition_carbon) VALUES (1, 7, 162, '0986AF2229', '0986AF0062', '0986AF8137', '', '');
INSERT INTO brand(brand_id, brand_name) VALUES(8, '中华');
INSERT INTO style(style_id, style_name, brand_id) VALUES(163), '骏捷 1.6Li 大盘', 8
INSERT INTO filter(supply_id, brand_id, style_id, air, machine_oil, fuel_oil, air_condition_std, air_condition_carbon) VALUES (1, 8, 163, '0986AF2315', '0986AF0030', '0986AF8135', '0986AF5401', '');
INSERT INTO style(style_id, style_name, brand_id) VALUES(164), '骏捷 1.8L', 8
INSERT INTO filter(supply_id, brand_id, style_id, air, machine_oil, fuel_oil, air_condition_std, air_condition_carbon) VALUES (1, 8, 164, '0986AF2437', '', '', '', '');
INSERT INTO style(style_id, style_name, brand_id) VALUES(165), '骏捷 2.0L', 8
INSERT INTO filter(supply_id, brand_id, style_id, air, machine_oil, fuel_oil, air_condition_std, air_condition_carbon) VALUES (1, 8, 165, '0986AF2437', '', '', '', '');
INSERT INTO style(style_id, style_name, brand_id) VALUES(166), '尊驰 1.8 2.0i 2.4i 大盘', 8
INSERT INTO filter(supply_id, brand_id, style_id, air, machine_oil, fuel_oil, air_condition_std, air_condition_carbon) VALUES (1, 8, 166, '0986AF2315', '0986AF0030', '0986AF8135', '0986AF5401', '');
INSERT INTO style(style_id, style_name, brand_id) VALUES(167), '中华 2.4i 小盘 老款', 8
INSERT INTO filter(supply_id, brand_id, style_id, air, machine_oil, fuel_oil, air_condition_std, air_condition_carbon) VALUES (1, 8, 167, '0986AF2315', '0986AF0059', '0986AF8135', '0986AF5401', '');
INSERT INTO brand(brand_id, brand_name) VALUES(9, '本田');
INSERT INTO style(style_id, style_name, brand_id) VALUES(168), '雅阁 2.0 2.2 2.3 98款 1998年-2002年', 9
INSERT INTO filter(supply_id, brand_id, style_id, air, machine_oil, fuel_oil, air_condition_std, air_condition_carbon) VALUES (1, 9, 168, '', '0986AF0065', '0986AF8138', '0986AF5411', '0986AF5446');
INSERT INTO style(style_id, style_name, brand_id) VALUES(169), '雅阁 3.0 98款 1998年-2003年', 9
INSERT INTO filter(supply_id, brand_id, style_id, air, machine_oil, fuel_oil, air_condition_std, air_condition_carbon) VALUES (1, 9, 169, '', '0986AF0065', '0986AF8138', '0986AF5411', '0986AF5446');
INSERT INTO style(style_id, style_name, brand_id) VALUES(170), '雅阁03款 5代 6代 7代 2003年-2007年', 9
INSERT INTO filter(supply_id, brand_id, style_id, air, machine_oil, fuel_oil, air_condition_std, air_condition_carbon) VALUES (1, 9, 170, '', '0986AF0065', '0986AF8155', '0986AF5411', '0986AF5446');
INSERT INTO style(style_id, style_name, brand_id) VALUES(171), '雅阁08款 8代 2008年以后', 9
INSERT INTO filter(supply_id, brand_id, style_id, air, machine_oil, fuel_oil, air_condition_std, air_condition_carbon) VALUES (1, 9, 171, '', '0986AF0065', '', '', '');
INSERT INTO style(style_id, style_name, brand_id) VALUES(172), '思迪 1.3 前盘后盘', 9
INSERT INTO filter(supply_id, brand_id, style_id, air, machine_oil, fuel_oil, air_condition_std, air_condition_carbon) VALUES (1, 9, 172, '0986AF2322', '0986AF0065', '', '', '');
INSERT INTO style(style_id, style_name, brand_id) VALUES(173), '思域98款 1998年-2002年', 9
INSERT INTO filter(supply_id, brand_id, style_id, air, machine_oil, fuel_oil, air_condition_std, air_condition_carbon) VALUES (1, 9, 173, '0986AF2322', '0986AF0065', '', '', '');
INSERT INTO style(style_id, style_name, brand_id) VALUES(174), '思域 1.8i 2002-2005年', 9
INSERT INTO filter(supply_id, brand_id, style_id, air, machine_oil, fuel_oil, air_condition_std, air_condition_carbon) VALUES (1, 9, 174, '0986AF2322', '0986AF0065', '', '', '');
INSERT INTO style(style_id, style_name, brand_id) VALUES(175), '思域 1.8i 06款', 9
INSERT INTO filter(supply_id, brand_id, style_id, air, machine_oil, fuel_oil, air_condition_std, air_condition_carbon) VALUES (1, 9, 175, '0986AF2322', '0986AF0065', '', '', '');
INSERT INTO style(style_id, style_name, brand_id) VALUES(176), 'CR-V 2.0i 2.4 05款 2005-2007', 9
INSERT INTO filter(supply_id, brand_id, style_id, air, machine_oil, fuel_oil, air_condition_std, air_condition_carbon) VALUES (1, 9, 176, '0986AF2226', '0986AF0065', '0986AF8155', '', '');
INSERT INTO style(style_id, style_name, brand_id) VALUES(177), '新CR-V 2.0i 2.4 08款 2008以后', 9
INSERT INTO filter(supply_id, brand_id, style_id, air, machine_oil, fuel_oil, air_condition_std, air_condition_carbon) VALUES (1, 9, 177, '', '0986AF0065', '', '', '');
INSERT INTO style(style_id, style_name, brand_id) VALUES(178), '锋范 1.5', 9
INSERT INTO filter(supply_id, brand_id, style_id, air, machine_oil, fuel_oil, air_condition_std, air_condition_carbon) VALUES (1, 9, 178, '', '0986AF0065', '', '', '');
INSERT INTO style(style_id, style_name, brand_id) VALUES(179), '锋范 1.8', 9
INSERT INTO filter(supply_id, brand_id, style_id, air, machine_oil, fuel_oil, air_condition_std, air_condition_carbon) VALUES (1, 9, 179, '', '0986AF0065', '', '', '');
INSERT INTO style(style_id, style_name, brand_id) VALUES(180), '里程 3.0L', 9
INSERT INTO filter(supply_id, brand_id, style_id, air, machine_oil, fuel_oil, air_condition_std, air_condition_carbon) VALUES (1, 9, 180, '', '0986AF0065', '', '', '');
INSERT INTO style(style_id, style_name, brand_id) VALUES(181), '飞度 1.3i 1.5 2003-2007 前盘后鼓', 9
INSERT INTO filter(supply_id, brand_id, style_id, air, machine_oil, fuel_oil, air_condition_std, air_condition_carbon) VALUES (1, 9, 181, '0986AF2225', '0986AF0065', '', '0986AF5013', '');
INSERT INTO style(style_id, style_name, brand_id) VALUES(182), '新飞度 1.3i 1.5 2008以后 前盘后盘', 9
INSERT INTO filter(supply_id, brand_id, style_id, air, machine_oil, fuel_oil, air_condition_std, air_condition_carbon) VALUES (1, 9, 182, '', '0986AF0065', '', '', '');
INSERT INTO style(style_id, style_name, brand_id) VALUES(183), '飞度 1.3i', 9
INSERT INTO filter(supply_id, brand_id, style_id, air, machine_oil, fuel_oil, air_condition_std, air_condition_carbon) VALUES (1, 9, 183, '0986AF2225', '0986AF0059', '', '', '0986AF4056');
INSERT INTO style(style_id, style_name, brand_id) VALUES(184), '飞度 1.5i', 9
INSERT INTO filter(supply_id, brand_id, style_id, air, machine_oil, fuel_oil, air_condition_std, air_condition_carbon) VALUES (1, 9, 184, '0986AF2225', '0986AF0059', '', '0986AF5013', '0986AF4056');
INSERT INTO style(style_id, style_name, brand_id) VALUES(185), '奥德赛 2.3 2.4 03款 05款 2007年以前', 9
INSERT INTO filter(supply_id, brand_id, style_id, air, machine_oil, fuel_oil, air_condition_std, air_condition_carbon) VALUES (1, 9, 185, '0986AF2321', '0986AF0065', '0986AF8155', '', '');
INSERT INTO style(style_id, style_name, brand_id) VALUES(186), '奥德赛 2.3 2.4 2007年以后', 9
INSERT INTO filter(supply_id, brand_id, style_id, air, machine_oil, fuel_oil, air_condition_std, air_condition_carbon) VALUES (1, 9, 186, '0986AF2321', '0986AF0065', '', '', '');
INSERT INTO brand(brand_id, brand_name) VALUES(10, '雪铁龙');
INSERT INTO style(style_id, style_name, brand_id) VALUES(187), '爱丽舍 1.6i（老）', 10
INSERT INTO filter(supply_id, brand_id, style_id, air, machine_oil, fuel_oil, air_condition_std, air_condition_carbon) VALUES (1, 10, 187, '0986AF2268', '0986AF0026', '0986AF8126', '', '');
INSERT INTO style(style_id, style_name, brand_id) VALUES(188), '爱丽舍 1.6i 16V（新）', 10
INSERT INTO filter(supply_id, brand_id, style_id, air, machine_oil, fuel_oil, air_condition_std, air_condition_carbon) VALUES (1, 10, 188, '0986AF2268', '0986AF0046', '0986AF8125', '', '');
INSERT INTO style(style_id, style_name, brand_id) VALUES(189), '毕加索 赛纳 1.6i 老款', 10
INSERT INTO filter(supply_id, brand_id, style_id, air, machine_oil, fuel_oil, air_condition_std, air_condition_carbon) VALUES (1, 10, 189, '0986AF2269', '0986AF0026', '0986AF8126', '0986AF5443', '');
INSERT INTO style(style_id, style_name, brand_id) VALUES(190), '毕加索 赛纳 1.6i 新款', 10
INSERT INTO filter(supply_id, brand_id, style_id, air, machine_oil, fuel_oil, air_condition_std, air_condition_carbon) VALUES (1, 10, 190, '0986AF2269', '0986AF0026', '0986AF8126', '0986AF5443', '');
INSERT INTO style(style_id, style_name, brand_id) VALUES(191), '毕加索 1.8 2.0 赛纳 手动挡', 10
INSERT INTO filter(supply_id, brand_id, style_id, air, machine_oil, fuel_oil, air_condition_std, air_condition_carbon) VALUES (1, 10, 191, '0986AF2269', '0986AF0056', '0986AF8126', '0986AF5443', '');
INSERT INTO style(style_id, style_name, brand_id) VALUES(192), '毕加索 1.8 2.0 赛纳 自动挡', 10
INSERT INTO filter(supply_id, brand_id, style_id, air, machine_oil, fuel_oil, air_condition_std, air_condition_carbon) VALUES (1, 10, 192, '0986AF2269', '0986AF0056', '0986AF8126', '0986AF5443', '');
INSERT INTO style(style_id, style_name, brand_id) VALUES(193), 'C5 2.0L/2.2L', 10
INSERT INTO filter(supply_id, brand_id, style_id, air, machine_oil, fuel_oil, air_condition_std, air_condition_carbon) VALUES (1, 10, 193, '', '', '', '', '0986AF4052');
INSERT INTO style(style_id, style_name, brand_id) VALUES(194), 'C5 2.9L 24v dohc V6', 10
INSERT INTO filter(supply_id, brand_id, style_id, air, machine_oil, fuel_oil, air_condition_std, air_condition_carbon) VALUES (1, 10, 194, '', '', '', '', '0986AF4052');
INSERT INTO style(style_id, style_name, brand_id) VALUES(195), '富康 1.4i 8V, 非ABS老款', 10
INSERT INTO filter(supply_id, brand_id, style_id, air, machine_oil, fuel_oil, air_condition_std, air_condition_carbon) VALUES (1, 10, 195, '0986AF2266', '0986AF0056', '0986AF8125', '', '');
INSERT INTO style(style_id, style_name, brand_id) VALUES(196), '凯旋', 10
INSERT INTO filter(supply_id, brand_id, style_id, air, machine_oil, fuel_oil, air_condition_std, air_condition_carbon) VALUES (1, 10, 196, '0986AF2271', '0986AF0046', '0986AF8126', '', '');
INSERT INTO style(style_id, style_name, brand_id) VALUES(197), '世嘉', 10
INSERT INTO filter(supply_id, brand_id, style_id, air, machine_oil, fuel_oil, air_condition_std, air_condition_carbon) VALUES (1, 10, 197, '0986AF2271', '0986AF0046', '0986AF8126', '', '');
INSERT INTO style(style_id, style_name, brand_id) VALUES(198), '富康 1.6 8V 非ABS老款', 10
INSERT INTO filter(supply_id, brand_id, style_id, air, machine_oil, fuel_oil, air_condition_std, air_condition_carbon) VALUES (1, 10, 198, '0986AF2266', '0986AF0056', '0986AF8125', '', '');
INSERT INTO style(style_id, style_name, brand_id) VALUES(199), '富康电喷 ZX1.4 1.6i ABS', 10
INSERT INTO filter(supply_id, brand_id, style_id, air, machine_oil, fuel_oil, air_condition_std, air_condition_carbon) VALUES (1, 10, 199, '0986AF2266', '0986AF0023', '0986AF8125', '', '');
INSERT INTO brand(brand_id, brand_name) VALUES(11, '克鲁兹');
INSERT INTO style(style_id, style_name, brand_id) VALUES(200), '克鲁兹 1.6L', 11
INSERT INTO filter(supply_id, brand_id, style_id, air, machine_oil, fuel_oil, air_condition_std, air_condition_carbon) VALUES (1, 11, 200, '0986AF2432', '', '', '', '0986AF4050');
INSERT INTO brand(brand_id, brand_name) VALUES(12, '标志');
INSERT INTO style(style_id, style_name, brand_id) VALUES(201), '206 C2 1.4i', 12
INSERT INTO filter(supply_id, brand_id, style_id, air, machine_oil, fuel_oil, air_condition_std, air_condition_carbon) VALUES (1, 12, 201, '0986AF2272', '0986AF0046', '0986AF8126', '0986AF5440', '');
INSERT INTO style(style_id, style_name, brand_id) VALUES(202), 'C2 206 1.6i', 12
INSERT INTO filter(supply_id, brand_id, style_id, air, machine_oil, fuel_oil, air_condition_std, air_condition_carbon) VALUES (1, 12, 202, '0986AF2271', '0986AF0046', '0986AF8126', '', '');
INSERT INTO style(style_id, style_name, brand_id) VALUES(203), '307新款 1.6i 16V 2006年5月以后', 12
INSERT INTO filter(supply_id, brand_id, style_id, air, machine_oil, fuel_oil, air_condition_std, air_condition_carbon) VALUES (1, 12, 203, '0986AF2271', '0986AF0046', '0986AF8126', '0986AF5441', '');
INSERT INTO style(style_id, style_name, brand_id) VALUES(204), '307新款 2.0i 2006年5月以后', 12
INSERT INTO filter(supply_id, brand_id, style_id, air, machine_oil, fuel_oil, air_condition_std, air_condition_carbon) VALUES (1, 12, 204, '0986AF2271', '0986AF0046', '0986AF8126', '0986AF5441', '');
INSERT INTO style(style_id, style_name, brand_id) VALUES(205), '307老款 2.0i 2006年5月以前', 12
INSERT INTO filter(supply_id, brand_id, style_id, air, machine_oil, fuel_oil, air_condition_std, air_condition_carbon) VALUES (1, 12, 205, '0986AF2267', '0986AF0056', '0986AF8126', '0986AF5441', '');
INSERT INTO style(style_id, style_name, brand_id) VALUES(206), '307老款 2.0i 16V 2006年5月以前', 12
INSERT INTO filter(supply_id, brand_id, style_id, air, machine_oil, fuel_oil, air_condition_std, air_condition_carbon) VALUES (1, 12, 206, '0986AF2267', '0986AF0056', '0986AF8126', '0986AF5442', '');
INSERT INTO style(style_id, style_name, brand_id) VALUES(207), '408 1.6L/2.0L', 12
INSERT INTO filter(supply_id, brand_id, style_id, air, machine_oil, fuel_oil, air_condition_std, air_condition_carbon) VALUES (1, 12, 207, '', '', '', '', '0986AF4052');
INSERT INTO brand(brand_id, brand_name) VALUES(13, 'MG');
INSERT INTO style(style_id, style_name, brand_id) VALUES(208), '名爵 3 1.4', 13
INSERT INTO filter(supply_id, brand_id, style_id, air, machine_oil, fuel_oil, air_condition_std, air_condition_carbon) VALUES (1, 13, 208, '', '0986AF0190', '', '', '');
INSERT INTO style(style_id, style_name, brand_id) VALUES(209), '名爵 3 1.8', 13
INSERT INTO filter(supply_id, brand_id, style_id, air, machine_oil, fuel_oil, air_condition_std, air_condition_carbon) VALUES (1, 13, 209, '', '0986AF0190', '', '', '');
INSERT INTO style(style_id, style_name, brand_id) VALUES(210), '名爵 7 1.8T', 13
INSERT INTO filter(supply_id, brand_id, style_id, air, machine_oil, fuel_oil, air_condition_std, air_condition_carbon) VALUES (1, 13, 210, '', '0986AF0190', '', '', '');
INSERT INTO brand(brand_id, brand_name) VALUES(14, '荣威');
INSERT INTO style(style_id, style_name, brand_id) VALUES(211), '荣威 550 1.8T', 14
INSERT INTO filter(supply_id, brand_id, style_id, air, machine_oil, fuel_oil, air_condition_std, air_condition_carbon) VALUES (1, 14, 211, '0986AF2434', '0986AF0190', '0986AF8113', '', '');
INSERT INTO style(style_id, style_name, brand_id) VALUES(212), '荣威 750 1.8T', 14
INSERT INTO filter(supply_id, brand_id, style_id, air, machine_oil, fuel_oil, air_condition_std, air_condition_carbon) VALUES (1, 14, 212, '0986AF2434', '0986AF0190', '0986AF8113', '', '');
INSERT INTO style(style_id, style_name, brand_id) VALUES(213), '荣威 750 2.5T', 14
INSERT INTO filter(supply_id, brand_id, style_id, air, machine_oil, fuel_oil, air_condition_std, air_condition_carbon) VALUES (1, 14, 213, '', '0986AF0199', '0986AF8113', '', '');
INSERT INTO brand(brand_id, brand_name) VALUES(15, '力帆');
INSERT INTO style(style_id, style_name, brand_id) VALUES(214), '力帆 520 非ABS款', 15
INSERT INTO filter(supply_id, brand_id, style_id, air, machine_oil, fuel_oil, air_condition_std, air_condition_carbon) VALUES (1, 15, 214, '', '', '0986AF8125', '', '');
INSERT INTO style(style_id, style_name, brand_id) VALUES(215), '力帆 520 ABS款', 15
INSERT INTO filter(supply_id, brand_id, style_id, air, machine_oil, fuel_oil, air_condition_std, air_condition_carbon) VALUES (1, 15, 215, '', '', '0986AF8125', '', '');
INSERT INTO brand(brand_id, brand_name) VALUES(16, '福特');
INSERT INTO style(style_id, style_name, brand_id) VALUES(216), '嘉年华 1.3i 1.5 1.6', 16
INSERT INTO filter(supply_id, brand_id, style_id, air, machine_oil, fuel_oil, air_condition_std, air_condition_carbon) VALUES (1, 16, 216, '0986B02320', '0986AF1144', '450905966', '0986AF5404', '');
INSERT INTO style(style_id, style_name, brand_id) VALUES(217), '新嘉年华', 16
INSERT INTO filter(supply_id, brand_id, style_id, air, machine_oil, fuel_oil, air_condition_std, air_condition_carbon) VALUES (1, 16, 217, '', '0986AF0063', '', '0986AF5404', '');
INSERT INTO style(style_id, style_name, brand_id) VALUES(218), '福克斯 1.8i 2.0（09年款前）', 16
INSERT INTO filter(supply_id, brand_id, style_id, air, machine_oil, fuel_oil, air_condition_std, air_condition_carbon) VALUES (1, 16, 218, '0986AF2250', '0986AF0020', '0986AF8122', '0986AF5445', '');
INSERT INTO style(style_id, style_name, brand_id) VALUES(219), '福克斯 1.8i 2.0（11年款）', 16
INSERT INTO filter(supply_id, brand_id, style_id, air, machine_oil, fuel_oil, air_condition_std, air_condition_carbon) VALUES (1, 16, 219, 'F026400136', '0986AF0020', '', '', '');
INSERT INTO style(style_id, style_name, brand_id) VALUES(220), 'S-MAX', 16
INSERT INTO filter(supply_id, brand_id, style_id, air, machine_oil, fuel_oil, air_condition_std, air_condition_carbon) VALUES (1, 16, 220, 'F026400109', '', '', '', '');
INSERT INTO style(style_id, style_name, brand_id) VALUES(221), '蒙迪欧 2.0i 04款', 16
INSERT INTO filter(supply_id, brand_id, style_id, air, machine_oil, fuel_oil, air_condition_std, air_condition_carbon) VALUES (1, 16, 221, '0986AF2251', '0986AF0020', '0986AF8121', '', '');
INSERT INTO style(style_id, style_name, brand_id) VALUES(222), '蒙迪欧 2.3i（新）05款', 16
INSERT INTO filter(supply_id, brand_id, style_id, air, machine_oil, fuel_oil, air_condition_std, air_condition_carbon) VALUES (1, 16, 222, '0986AF4054', '0986AF0024', '0986AF8121', '0986AF5444', '');
INSERT INTO style(style_id, style_name, brand_id) VALUES(223), '蒙迪欧 2.5i（新）05款', 16
INSERT INTO filter(supply_id, brand_id, style_id, air, machine_oil, fuel_oil, air_condition_std, air_condition_carbon) VALUES (1, 16, 223, '0986AF2251', '0986AF0024', '0986AF8121', '0986AF5444', '');
INSERT INTO style(style_id, style_name, brand_id) VALUES(224), '蒙迪欧 2.5i 老款V6 进口 林肯 翼虎 金牛', 16
INSERT INTO filter(supply_id, brand_id, style_id, air, machine_oil, fuel_oil, air_condition_std, air_condition_carbon) VALUES (1, 16, 224, '', '0986AF0021', '', '', '');
INSERT INTO style(style_id, style_name, brand_id) VALUES(225), '蒙迪欧 致胜 08款(10款不适用)', 16
INSERT INTO filter(supply_id, brand_id, style_id, air, machine_oil, fuel_oil, air_condition_std, air_condition_carbon) VALUES (1, 16, 225, '0986AF2251', '0986AF0024', '0986AF8121', '0986AF5444', '');
INSERT INTO brand(brand_id, brand_name) VALUES(17, '沃尔沃');
INSERT INTO style(style_id, style_name, brand_id) VALUES(226), 'S40', 17
INSERT INTO filter(supply_id, brand_id, style_id, air, machine_oil, fuel_oil, air_condition_std, air_condition_carbon) VALUES (1, 17, 226, '', '1457429249', '', '', '');
INSERT INTO brand(brand_id, brand_name) VALUES(18, '马自达');
INSERT INTO style(style_id, style_name, brand_id) VALUES(227), '海福星 1.6', 18
INSERT INTO filter(supply_id, brand_id, style_id, air, machine_oil, fuel_oil, air_condition_std, air_condition_carbon) VALUES (1, 18, 227, '', '0986AF0063', '', '', '');
INSERT INTO style(style_id, style_name, brand_id) VALUES(228), '马自达 2 劲翔 1.3', 18
INSERT INTO filter(supply_id, brand_id, style_id, air, machine_oil, fuel_oil, air_condition_std, air_condition_carbon) VALUES (1, 18, 228, '', '0986AF0063', '', '', '');
INSERT INTO style(style_id, style_name, brand_id) VALUES(229), '马自达 3 1.6i', 18
INSERT INTO filter(supply_id, brand_id, style_id, air, machine_oil, fuel_oil, air_condition_std, air_condition_carbon) VALUES (1, 18, 229, '', '0986AF0063', '', '', '');
INSERT INTO style(style_id, style_name, brand_id) VALUES(230), '马自达 3 2.0i', 18
INSERT INTO filter(supply_id, brand_id, style_id, air, machine_oil, fuel_oil, air_condition_std, air_condition_carbon) VALUES (1, 18, 230, '', '0986AF0020', '', '', '');
INSERT INTO style(style_id, style_name, brand_id) VALUES(231), '普力马 1.8 新款', 18
INSERT INTO filter(supply_id, brand_id, style_id, air, machine_oil, fuel_oil, air_condition_std, air_condition_carbon) VALUES (1, 18, 231, '', '0986AF0063', '', '', '');
INSERT INTO style(style_id, style_name, brand_id) VALUES(232), '普力马 1.8i 老款', 18
INSERT INTO filter(supply_id, brand_id, style_id, air, machine_oil, fuel_oil, air_condition_std, air_condition_carbon) VALUES (1, 18, 232, '', '0986AF0063', '', '0986AF5415', '');
INSERT INTO style(style_id, style_name, brand_id) VALUES(233), '福美来 1.6i, 1.8i', 18
INSERT INTO filter(supply_id, brand_id, style_id, air, machine_oil, fuel_oil, air_condition_std, air_condition_carbon) VALUES (1, 18, 233, '', '0986AF0063', '', '0986AF5415', '');
INSERT INTO style(style_id, style_name, brand_id) VALUES(234), '马自达 323 1.3i 1.6i', 18
INSERT INTO filter(supply_id, brand_id, style_id, air, machine_oil, fuel_oil, air_condition_std, air_condition_carbon) VALUES (1, 18, 234, '', '0986AF0063', '', '0986AF5415', '');
INSERT INTO style(style_id, style_name, brand_id) VALUES(235), '马自达 6 2.0i 老款', 18
INSERT INTO filter(supply_id, brand_id, style_id, air, machine_oil, fuel_oil, air_condition_std, air_condition_carbon) VALUES (1, 18, 235, '0986AF2252', '0986AF0020', '', '0986AF5008', '');
INSERT INTO style(style_id, style_name, brand_id) VALUES(236), '马自达 6 2.3i 老款', 18
INSERT INTO filter(supply_id, brand_id, style_id, air, machine_oil, fuel_oil, air_condition_std, air_condition_carbon) VALUES (1, 18, 236, '0986AF2252', '0986AF0059', '', '0986AF5008', '');
INSERT INTO style(style_id, style_name, brand_id) VALUES(237), '马自达 6 2.3i 新款 新马6', 18
INSERT INTO filter(supply_id, brand_id, style_id, air, machine_oil, fuel_oil, air_condition_std, air_condition_carbon) VALUES (1, 18, 237, '0986AF2252', '0986AF0024', '', '', '');
INSERT INTO brand(brand_id, brand_name) VALUES(19, '红旗');
INSERT INTO style(style_id, style_name, brand_id) VALUES(238), '红旗 7180 1.8i 前盘后鼓', 19
INSERT INTO filter(supply_id, brand_id, style_id, air, machine_oil, fuel_oil, air_condition_std, air_condition_carbon) VALUES (1, 19, 238, '0986AF2233', '0986AF0072', '', '', '');
INSERT INTO style(style_id, style_name, brand_id) VALUES(239), '7220 2.2i E 前盘后鼓', 19
INSERT INTO filter(supply_id, brand_id, style_id, air, machine_oil, fuel_oil, air_condition_std, air_condition_carbon) VALUES (1, 19, 239, '', '0986AF0072', '', '', '');
INSERT INTO style(style_id, style_name, brand_id) VALUES(240), '世纪星 2.0i 前盘后鼓', 19
INSERT INTO filter(supply_id, brand_id, style_id, air, machine_oil, fuel_oil, air_condition_std, air_condition_carbon) VALUES (1, 19, 240, '0986AF2215', '0986AF0072', '', '', '');
INSERT INTO style(style_id, style_name, brand_id) VALUES(241), '世纪星 2.0i 前盘后盘', 19
INSERT INTO filter(supply_id, brand_id, style_id, air, machine_oil, fuel_oil, air_condition_std, air_condition_carbon) VALUES (1, 19, 241, '0986AF2215', '0986AF0072', '', '', '');
INSERT INTO style(style_id, style_name, brand_id) VALUES(242), '明仕 1.8i 前盘后鼓', 19
INSERT INTO filter(supply_id, brand_id, style_id, air, machine_oil, fuel_oil, air_condition_std, air_condition_carbon) VALUES (1, 19, 242, '0986AF2233', '0986AF0072', '', '', '');
INSERT INTO style(style_id, style_name, brand_id) VALUES(243), '明仕 1.8i 前盘后盘', 19
INSERT INTO filter(supply_id, brand_id, style_id, air, machine_oil, fuel_oil, air_condition_std, air_condition_carbon) VALUES (1, 19, 243, '0986AF2233', '0986AF0072', '', '', '');
INSERT INTO style(style_id, style_name, brand_id) VALUES(244), '红旗 HQ3 3.0i 4.3i', 19
INSERT INTO filter(supply_id, brand_id, style_id, air, machine_oil, fuel_oil, air_condition_std, air_condition_carbon) VALUES (1, 19, 244, '', '0986AF0072', '', '', '');
INSERT INTO brand(brand_id, brand_name) VALUES(20, '华普');
INSERT INTO style(style_id, style_name, brand_id) VALUES(245), '华普海域 MA1.3i, MA1.5i, M1.5i 203', 20
INSERT INTO filter(supply_id, brand_id, style_id, air, machine_oil, fuel_oil, air_condition_std, air_condition_carbon) VALUES (1, 20, 245, '', '0986AF0061', '', '', '');
INSERT INTO brand(brand_id, brand_name) VALUES(21, '现代');
INSERT INTO style(style_id, style_name, brand_id) VALUES(246), '雅绅特 1.4', 21
INSERT INTO filter(supply_id, brand_id, style_id, air, machine_oil, fuel_oil, air_condition_std, air_condition_carbon) VALUES (1, 21, 246, '', '0986AF0047', '', '0986AF4163', '');
INSERT INTO style(style_id, style_name, brand_id) VALUES(247), '伊兰特 1.6i, 1.8i', 21
INSERT INTO filter(supply_id, brand_id, style_id, air, machine_oil, fuel_oil, air_condition_std, air_condition_carbon) VALUES (1, 21, 247, '0986AF2258', '0986AF0047', '', '0986AF4164', '');
INSERT INTO style(style_id, style_name, brand_id) VALUES(248), '伊兰特 悦动', 21
INSERT INTO filter(supply_id, brand_id, style_id, air, machine_oil, fuel_oil, air_condition_std, air_condition_carbon) VALUES (1, 21, 248, '', '0986AF0047', '', '', '');
INSERT INTO style(style_id, style_name, brand_id) VALUES(249), '御翔 2.4i NF', 21
INSERT INTO filter(supply_id, brand_id, style_id, air, machine_oil, fuel_oil, air_condition_std, air_condition_carbon) VALUES (1, 21, 249, '', '0986AF0047', '', '', '');
INSERT INTO style(style_id, style_name, brand_id) VALUES(250), '圣达菲 老款 03以前', 21
INSERT INTO filter(supply_id, brand_id, style_id, air, machine_oil, fuel_oil, air_condition_std, air_condition_carbon) VALUES (1, 21, 250, '0986AF2064', '0986AF0047', '', '0986AF4151', '');
INSERT INTO style(style_id, style_name, brand_id) VALUES(251), '圣达菲 新款 03以后', 21
INSERT INTO filter(supply_id, brand_id, style_id, air, machine_oil, fuel_oil, air_condition_std, air_condition_carbon) VALUES (1, 21, 251, '0986AF2064', '0986AF0047', '', '0986AF4152', '');
INSERT INTO style(style_id, style_name, brand_id) VALUES(252), '索纳塔 2.0i, 2.5i, 2.7i', 21
INSERT INTO filter(supply_id, brand_id, style_id, air, machine_oil, fuel_oil, air_condition_std, air_condition_carbon) VALUES (1, 21, 252, '0986AF2257', '0986AF0047', '', '0986AF4151', '0986AF4152');
INSERT INTO style(style_id, style_name, brand_id) VALUES(253), '特拉卡 2.5 柴油', 21
INSERT INTO filter(supply_id, brand_id, style_id, air, machine_oil, fuel_oil, air_condition_std, air_condition_carbon) VALUES (1, 21, 253, '0986AF2214', '0986AF0069', '', '0986AF4165', '');
INSERT INTO style(style_id, style_name, brand_id) VALUES(254), '特拉卡 3. 4WD', 21
INSERT INTO filter(supply_id, brand_id, style_id, air, machine_oil, fuel_oil, air_condition_std, air_condition_carbon) VALUES (1, 21, 254, '0986AF2214', '0986AF0047', '', '0986AF4166', '0986AF4166');
INSERT INTO style(style_id, style_name, brand_id) VALUES(255), '途胜 2.0i 4WD, 2.7i 4WD', 21
INSERT INTO filter(supply_id, brand_id, style_id, air, machine_oil, fuel_oil, air_condition_std, air_condition_carbon) VALUES (1, 21, 255, '0986AF2258', '0986AF0047', '', '0986AF4158', '');
INSERT INTO brand(brand_id, brand_name) VALUES(22, '起亚');
INSERT INTO style(style_id, style_name, brand_id) VALUES(256), '嘉华 II 2.7 3.5i 进口款', 22
INSERT INTO filter(supply_id, brand_id, style_id, air, machine_oil, fuel_oil, air_condition_std, air_condition_carbon) VALUES (1, 22, 256, '', '0986AF0047', '', '0986AF4156', '');
INSERT INTO style(style_id, style_name, brand_id) VALUES(257), '赛拉图 1.6i 1.8i', 22
INSERT INTO filter(supply_id, brand_id, style_id, air, machine_oil, fuel_oil, air_condition_std, air_condition_carbon) VALUES (1, 22, 257, '0986AF2258', '0986AF0047', '', '0986AF4172', '');
INSERT INTO style(style_id, style_name, brand_id) VALUES(258), '远舰 2.0i', 22
INSERT INTO filter(supply_id, brand_id, style_id, air, machine_oil, fuel_oil, air_condition_std, air_condition_carbon) VALUES (1, 22, 258, '0986AF2212', '0986AF0047', '', '', '');
INSERT INTO style(style_id, style_name, brand_id) VALUES(259), '普莱特 1.4i', 22
INSERT INTO filter(supply_id, brand_id, style_id, air, machine_oil, fuel_oil, air_condition_std, air_condition_carbon) VALUES (1, 22, 259, '0986AF2030', '0986AF0063', '', '', '');
INSERT INTO style(style_id, style_name, brand_id) VALUES(260), '千里马 1.3i, 1.6i', 22
INSERT INTO filter(supply_id, brand_id, style_id, air, machine_oil, fuel_oil, air_condition_std, air_condition_carbon) VALUES (1, 22, 260, '0986AF2259', '0986AF0047', '0986AF8053', '', '');
INSERT INTO style(style_id, style_name, brand_id) VALUES(261), '锐欧 1.4', 22
INSERT INTO filter(supply_id, brand_id, style_id, air, machine_oil, fuel_oil, air_condition_std, air_condition_carbon) VALUES (1, 22, 261, '0986AF2114', '0986AF0047', '', '0986AF4158', '');
INSERT INTO brand(brand_id, brand_name) VALUES(23, '尼桑');
INSERT INTO style(style_id, style_name, brand_id) VALUES(262), '天籁 2.3i', 23
INSERT INTO filter(supply_id, brand_id, style_id, air, machine_oil, fuel_oil, air_condition_std, air_condition_carbon) VALUES (1, 23, 262, '0986AF2215', '0986AF0063', '0986AF8124', '0986AF5448', '0986AF5447');
INSERT INTO style(style_id, style_name, brand_id) VALUES(263), '骏逸 1.8i', 23
INSERT INTO filter(supply_id, brand_id, style_id, air, machine_oil, fuel_oil, air_condition_std, air_condition_carbon) VALUES (1, 23, 263, '0986AF2265', '0986AF0063', '0986AF8124', '', '');
INSERT INTO style(style_id, style_name, brand_id) VALUES(264), '逍客', 23
INSERT INTO filter(supply_id, brand_id, style_id, air, machine_oil, fuel_oil, air_condition_std, air_condition_carbon) VALUES (1, 23, 264, '', '0986AF0063', '0986AF8124', '', '');
INSERT INTO style(style_id, style_name, brand_id) VALUES(265), '奇骏', 23
INSERT INTO filter(supply_id, brand_id, style_id, air, machine_oil, fuel_oil, air_condition_std, air_condition_carbon) VALUES (1, 23, 265, '', '0986AF0063', '0986AF8124', '', '');
INSERT INTO style(style_id, style_name, brand_id) VALUES(266), '颐达', 23
INSERT INTO filter(supply_id, brand_id, style_id, air, machine_oil, fuel_oil, air_condition_std, air_condition_carbon) VALUES (1, 23, 266, '', '0986AF0063', '0986AF8124', '', '');
INSERT INTO style(style_id, style_name, brand_id) VALUES(267), '骐达 1.6', 23
INSERT INTO filter(supply_id, brand_id, style_id, air, machine_oil, fuel_oil, air_condition_std, air_condition_carbon) VALUES (1, 23, 267, '0986AF2265', '0986AF0063', '0986AF8124', '', '0986AF4055');
INSERT INTO style(style_id, style_name, brand_id) VALUES(268), '轩逸 1.6i', 23
INSERT INTO filter(supply_id, brand_id, style_id, air, machine_oil, fuel_oil, air_condition_std, air_condition_carbon) VALUES (1, 23, 268, '0986AF2265', '0986AF0063', '0986AF8124', '', '0986AF4055');
INSERT INTO style(style_id, style_name, brand_id) VALUES(269), '轩逸 2.0i', 23
INSERT INTO filter(supply_id, brand_id, style_id, air, machine_oil, fuel_oil, air_condition_std, air_condition_carbon) VALUES (1, 23, 269, '0986AF2265', '0986AF0063', '0986AF8124', '', '0986AF4055');
INSERT INTO style(style_id, style_name, brand_id) VALUES(270), '骊威 1.6i', 23
INSERT INTO filter(supply_id, brand_id, style_id, air, machine_oil, fuel_oil, air_condition_std, air_condition_carbon) VALUES (1, 23, 270, '0986AF2265', '0986AF0063', '', '', '');
INSERT INTO style(style_id, style_name, brand_id) VALUES(271), '帕拉丁 2.4i 4WD', 23
INSERT INTO filter(supply_id, brand_id, style_id, air, machine_oil, fuel_oil, air_condition_std, air_condition_carbon) VALUES (1, 23, 271, '0986AF2219', '0986AF0063', '', '', '');
INSERT INTO style(style_id, style_name, brand_id) VALUES(272), '帕拉丁 3.3i 4WD', 23
INSERT INTO filter(supply_id, brand_id, style_id, air, machine_oil, fuel_oil, air_condition_std, air_condition_carbon) VALUES (1, 23, 272, '', '0986AF0060', '', '', '');
INSERT INTO style(style_id, style_name, brand_id) VALUES(273), '蓝鸟', 23
INSERT INTO filter(supply_id, brand_id, style_id, air, machine_oil, fuel_oil, air_condition_std, air_condition_carbon) VALUES (1, 23, 273, '', '0986AF0060', '0986AF8124', '', '');
INSERT INTO style(style_id, style_name, brand_id) VALUES(274), '阳光 2.0i', 23
INSERT INTO filter(supply_id, brand_id, style_id, air, machine_oil, fuel_oil, air_condition_std, air_condition_carbon) VALUES (1, 23, 274, '0986AF2264', '0986AF0063', '0986AF8124', '0986AF5448', '0986AF5447');
INSERT INTO style(style_id, style_name, brand_id) VALUES(275), '风度 A32 A33', 23
INSERT INTO filter(supply_id, brand_id, style_id, air, machine_oil, fuel_oil, air_condition_std, air_condition_carbon) VALUES (1, 23, 275, '', '0986AF0063', '0986AF8124', '', '');
INSERT INTO brand(brand_id, brand_name) VALUES(24, '比亚迪');
INSERT INTO style(style_id, style_name, brand_id) VALUES(276), 'F3 1.6i', 24
INSERT INTO filter(supply_id, brand_id, style_id, air, machine_oil, fuel_oil, air_condition_std, air_condition_carbon) VALUES (1, 24, 276, '', '0986AF0030', '', '', '');
INSERT INTO style(style_id, style_name, brand_id) VALUES(277), '福莱尔 0.8i 前盘后鼓', 24
INSERT INTO filter(supply_id, brand_id, style_id, air, machine_oil, fuel_oil, air_condition_std, air_condition_carbon) VALUES (1, 24, 277, '', '0986AF0062', '', '', '');
INSERT INTO brand(brand_id, brand_name) VALUES(25, '丰田');
INSERT INTO style(style_id, style_name, brand_id) VALUES(278), '凯美瑞 2.4i 2006.5以后', 25
INSERT INTO filter(supply_id, brand_id, style_id, air, machine_oil, fuel_oil, air_condition_std, air_condition_carbon) VALUES (1, 25, 278, '0986AF2326', '0986AF0061', '', '', '');
INSERT INTO style(style_id, style_name, brand_id) VALUES(279), '佳美 2.4i 2.0i,V3 16V 2001.8-2006.1', 25
INSERT INTO filter(supply_id, brand_id, style_id, air, machine_oil, fuel_oil, air_condition_std, air_condition_carbon) VALUES (1, 25, 279, '0986AF2326', '0986AF0061', '', '0986AF5015', '');
INSERT INTO style(style_id, style_name, brand_id) VALUES(280), '佳美 2.2i V2 16V 1996.8-2001.9', 25
INSERT INTO filter(supply_id, brand_id, style_id, air, machine_oil, fuel_oil, air_condition_std, air_condition_carbon) VALUES (1, 25, 280, '', '0986AF0061', '0986AF8058', '', '');
INSERT INTO style(style_id, style_name, brand_id) VALUES(281), '佳美 3.0i V2 24V 1996.8-2001.9', 25
INSERT INTO filter(supply_id, brand_id, style_id, air, machine_oil, fuel_oil, air_condition_std, air_condition_carbon) VALUES (1, 25, 281, '0986AF2325', '0986AF0055', '0986AF8058', '', '');
INSERT INTO style(style_id, style_name, brand_id) VALUES(282), '佳美 2.2i 3.0 V1 1991.6-1996.8', 25
INSERT INTO filter(supply_id, brand_id, style_id, air, machine_oil, fuel_oil, air_condition_std, air_condition_carbon) VALUES (1, 25, 282, '', '0986AF0061', '', '', '');
INSERT INTO style(style_id, style_name, brand_id) VALUES(283), '花冠 1.5.E10 1991.6-1995.5', 25
INSERT INTO filter(supply_id, brand_id, style_id, air, machine_oil, fuel_oil, air_condition_std, air_condition_carbon) VALUES (1, 25, 283, '0986AF2227', '0986AF0061', '', '1987431955', '');
INSERT INTO style(style_id, style_name, brand_id) VALUES(284), '花冠 1.8 1.6 1995.5-2004.2', 25
INSERT INTO filter(supply_id, brand_id, style_id, air, machine_oil, fuel_oil, air_condition_std, air_condition_carbon) VALUES (1, 25, 284, '0986AF2227', '0986AF0061', '', '1987431955', '');
INSERT INTO style(style_id, style_name, brand_id) VALUES(285), '花冠 1.8 1.6 2004.3-2007.12', 25
INSERT INTO filter(supply_id, brand_id, style_id, air, machine_oil, fuel_oil, air_condition_std, air_condition_carbon) VALUES (1, 25, 285, '', '0986AF0061', '', '', '');
INSERT INTO style(style_id, style_name, brand_id) VALUES(286), '卡罗拉 2004.2以后', 25
INSERT INTO filter(supply_id, brand_id, style_id, air, machine_oil, fuel_oil, air_condition_std, air_condition_carbon) VALUES (1, 25, 286, '', '0986AF0061', '', '', '');
INSERT INTO style(style_id, style_name, brand_id) VALUES(287), '新花冠 1.8. 2008年以后', 25
INSERT INTO filter(supply_id, brand_id, style_id, air, machine_oil, fuel_oil, air_condition_std, air_condition_carbon) VALUES (1, 25, 287, '', '0986AF0061', '', '', '');
INSERT INTO style(style_id, style_name, brand_id) VALUES(288), '陆地巡洋舰 3400', 25
INSERT INTO filter(supply_id, brand_id, style_id, air, machine_oil, fuel_oil, air_condition_std, air_condition_carbon) VALUES (1, 25, 288, '0986AF2222', '0986AF0032', '', '', '');
INSERT INTO style(style_id, style_name, brand_id) VALUES(289), '陆地巡洋舰 4500', 25
INSERT INTO filter(supply_id, brand_id, style_id, air, machine_oil, fuel_oil, air_condition_std, air_condition_carbon) VALUES (1, 25, 289, '0986AF2221', '0986AF0032', '', '', '');
INSERT INTO style(style_id, style_name, brand_id) VALUES(290), '陆地巡洋舰 4700', 25
INSERT INTO filter(supply_id, brand_id, style_id, air, machine_oil, fuel_oil, air_condition_std, air_condition_carbon) VALUES (1, 25, 290, '0986AF2220', '0986AF0032', '', '', '');
INSERT INTO style(style_id, style_name, brand_id) VALUES(291), '霸道 普拉多 2.7', 25
INSERT INTO filter(supply_id, brand_id, style_id, air, machine_oil, fuel_oil, air_condition_std, air_condition_carbon) VALUES (1, 25, 291, '0986AF2217', '0986AF0055', '', '', '');
INSERT INTO style(style_id, style_name, brand_id) VALUES(292), '霸道 普拉多 4.0i 4WD', 25
INSERT INTO filter(supply_id, brand_id, style_id, air, machine_oil, fuel_oil, air_condition_std, air_condition_carbon) VALUES (1, 25, 292, '0986AF2217', '0986AF0055', '', '', '');
INSERT INTO style(style_id, style_name, brand_id) VALUES(293), '大霸王 2000.2-2003.4之间', 25
INSERT INTO filter(supply_id, brand_id, style_id, air, machine_oil, fuel_oil, air_condition_std, air_condition_carbon) VALUES (1, 25, 293, '', '0986AF0032', '', '', '');
INSERT INTO style(style_id, style_name, brand_id) VALUES(294), '大霸王 2003.4-2007 之间', 25
INSERT INTO filter(supply_id, brand_id, style_id, air, machine_oil, fuel_oil, air_condition_std, air_condition_carbon) VALUES (1, 25, 294, '', '0986AF0032', '', '', '');
INSERT INTO style(style_id, style_name, brand_id) VALUES(295), '普锐斯 1.5i', 25
INSERT INTO filter(supply_id, brand_id, style_id, air, machine_oil, fuel_oil, air_condition_std, air_condition_carbon) VALUES (1, 25, 295, '', '0986AF0061', '', '1987431953', '');
INSERT INTO style(style_id, style_name, brand_id) VALUES(296), '锐志 2.5i 3.0i 05款', 25
INSERT INTO filter(supply_id, brand_id, style_id, air, machine_oil, fuel_oil, air_condition_std, air_condition_carbon) VALUES (1, 25, 296, '0986AF2320', '0986AF0019', '', '', '0986AF5449');
INSERT INTO style(style_id, style_name, brand_id) VALUES(297), '新皇冠 2.5i 3.0i 新款2005以后', 25
INSERT INTO filter(supply_id, brand_id, style_id, air, machine_oil, fuel_oil, air_condition_std, air_condition_carbon) VALUES (1, 25, 297, '0986AF2324', '0986AF0019', '', '', '0986AF5449');
INSERT INTO style(style_id, style_name, brand_id) VALUES(298), '老皇冠 3.0 JZS133/MS125', 25
INSERT INTO filter(supply_id, brand_id, style_id, air, machine_oil, fuel_oil, air_condition_std, air_condition_carbon) VALUES (1, 25, 298, '0986AF2324', '0986AF0032', '', '0986AF5014', '0986AF5449');
INSERT INTO style(style_id, style_name, brand_id) VALUES(299), '老皇冠 3.0 JZS155', 25
INSERT INTO filter(supply_id, brand_id, style_id, air, machine_oil, fuel_oil, air_condition_std, air_condition_carbon) VALUES (1, 25, 299, '0986AF2324', '0986AF0032', '', '', '');
INSERT INTO style(style_id, style_name, brand_id) VALUES(300), '凌志 LS400 WF10', 25
INSERT INTO filter(supply_id, brand_id, style_id, air, machine_oil, fuel_oil, air_condition_std, air_condition_carbon) VALUES (1, 25, 300, '', '0986AF0032', '', '', '');
INSERT INTO style(style_id, style_name, brand_id) VALUES(301), '威驰 1.3i,1.5i 老款2002-2006.7前盘后鼓', 25
INSERT INTO filter(supply_id, brand_id, style_id, air, machine_oil, fuel_oil, air_condition_std, air_condition_carbon) VALUES (1, 25, 301, '0986AF2323', '0986AF0061', '', '', '0986AF5449');
INSERT INTO style(style_id, style_name, brand_id) VALUES(302), '威驰 1.3i,1.5i 新款2006.7以后 前盘后盘', 25
INSERT INTO filter(supply_id, brand_id, style_id, air, machine_oil, fuel_oil, air_condition_std, air_condition_carbon) VALUES (1, 25, 302, '0986AF2323', '0986AF0061', '', '', '0986AF5449');
INSERT INTO brand(brand_id, brand_name) VALUES(26, '一汽');
INSERT INTO style(style_id, style_name, brand_id) VALUES(303), '威乐 1.3i,1.5i ,1.6i', 26
INSERT INTO filter(supply_id, brand_id, style_id, air, machine_oil, fuel_oil, air_condition_std, air_condition_carbon) VALUES (1, 26, 303, '', '0986AF0061', '', '0986AF5414', '');
INSERT INTO style(style_id, style_name, brand_id) VALUES(304), '威姿 1.0i,1.3,', 26
INSERT INTO filter(supply_id, brand_id, style_id, air, machine_oil, fuel_oil, air_condition_std, air_condition_carbon) VALUES (1, 26, 304, '0986AF2314', '0986AF0061', '', '0986AF5414', '');
INSERT INTO style(style_id, style_name, brand_id) VALUES(305), '威姿 1.5i', 26
INSERT INTO filter(supply_id, brand_id, style_id, air, machine_oil, fuel_oil, air_condition_std, air_condition_carbon) VALUES (1, 26, 305, '0986AF2323', '0986AF0061', '', '0986AF5414', '');
INSERT INTO style(style_id, style_name, brand_id) VALUES(306), '威志 1.3i', 26
INSERT INTO filter(supply_id, brand_id, style_id, air, machine_oil, fuel_oil, air_condition_std, air_condition_carbon) VALUES (1, 26, 306, '0986AF2323', '0986AF0061', '', '', '');
INSERT INTO style(style_id, style_name, brand_id) VALUES(307), '威志 1.4i', 26
INSERT INTO filter(supply_id, brand_id, style_id, air, machine_oil, fuel_oil, air_condition_std, air_condition_carbon) VALUES (1, 26, 307, '0986AF2323', '0986AF0061', '', '', '');
INSERT INTO brand(brand_id, brand_name) VALUES(27, '夏利');
INSERT INTO style(style_id, style_name, brand_id) VALUES(308), '夏利 1.0 三缸', 27
INSERT INTO filter(supply_id, brand_id, style_id, air, machine_oil, fuel_oil, air_condition_std, air_condition_carbon) VALUES (1, 27, 308, '0986AF2210', '0986AF0062', '0986AF8125', '', '');
INSERT INTO style(style_id, style_name, brand_id) VALUES(309), '夏利 1.1 四缸', 27
INSERT INTO filter(supply_id, brand_id, style_id, air, machine_oil, fuel_oil, air_condition_std, air_condition_carbon) VALUES (1, 27, 309, '0986AF2323', '0986AF0061', '0986AF8125', '0986AF5414', '');
INSERT INTO style(style_id, style_name, brand_id) VALUES(310), '夏利 2000 1.3i', 27
INSERT INTO filter(supply_id, brand_id, style_id, air, machine_oil, fuel_oil, air_condition_std, air_condition_carbon) VALUES (1, 27, 310, '0986AF2323', '0986AF0061', '0986AF8125', '', '');
INSERT INTO style(style_id, style_name, brand_id) VALUES(311), '金夏利 1.1 1.3 1.4', 27
INSERT INTO filter(supply_id, brand_id, style_id, air, machine_oil, fuel_oil, air_condition_std, air_condition_carbon) VALUES (1, 27, 311, '0986AF2323', '0986AF0061', '0986AF8125', '', '');
INSERT INTO brand(brand_id, brand_name) VALUES(28, '吉利');
INSERT INTO style(style_id, style_name, brand_id) VALUES(312), '吉利 1.0i,', 28
INSERT INTO filter(supply_id, brand_id, style_id, air, machine_oil, fuel_oil, air_condition_std, air_condition_carbon) VALUES (1, 28, 312, '', '0986AF0061', '0986AF8125', '', '');
INSERT INTO style(style_id, style_name, brand_id) VALUES(313), '金刚 1.5i', 28
INSERT INTO filter(supply_id, brand_id, style_id, air, machine_oil, fuel_oil, air_condition_std, air_condition_carbon) VALUES (1, 28, 313, '', '', '0986AF8125', '', '');
INSERT INTO style(style_id, style_name, brand_id) VALUES(314), '豪情 1.0i, 1.3i, 1.5i,', 28
INSERT INTO filter(supply_id, brand_id, style_id, air, machine_oil, fuel_oil, air_condition_std, air_condition_carbon) VALUES (1, 28, 314, '', '0986AF0061', '0986AF8125', '', '');
INSERT INTO style(style_id, style_name, brand_id) VALUES(315), '自由舰 1.3i, 1.5i, 1.6i', 28
INSERT INTO filter(supply_id, brand_id, style_id, air, machine_oil, fuel_oil, air_condition_std, air_condition_carbon) VALUES (1, 28, 315, '', '0986AF0061', '0986AF8125', '', '');
INSERT INTO style(style_id, style_name, brand_id) VALUES(316), '吉利美人豹 1.8i', 28
INSERT INTO filter(supply_id, brand_id, style_id, air, machine_oil, fuel_oil, air_condition_std, air_condition_carbon) VALUES (1, 28, 316, '', '0986AF0061', '0986AF8125', '', '');
INSERT INTO style(style_id, style_name, brand_id) VALUES(317), '美日之风 1.3i/04美日, 1.3i 2000/04美日', 28
INSERT INTO filter(supply_id, brand_id, style_id, air, machine_oil, fuel_oil, air_condition_std, air_condition_carbon) VALUES (1, 28, 317, '', '0986AF0061', '0986AF8125', '', '');
INSERT INTO style(style_id, style_name, brand_id) VALUES(318), '远景 1.8i', 28
INSERT INTO filter(supply_id, brand_id, style_id, air, machine_oil, fuel_oil, air_condition_std, air_condition_carbon) VALUES (1, 28, 318, '', '', '0986AF8125', '', '');
INSERT INTO style(style_id, style_name, brand_id) VALUES(319), '优利欧 1.3,', 28
INSERT INTO filter(supply_id, brand_id, style_id, air, machine_oil, fuel_oil, air_condition_std, air_condition_carbon) VALUES (1, 28, 319, '', '', '0986AF8125', '', '');
INSERT INTO brand(brand_id, brand_name) VALUES(29, '江淮');
INSERT INTO style(style_id, style_name, brand_id) VALUES(320), '瑞风 2.0i 2.4i', 29
INSERT INTO filter(supply_id, brand_id, style_id, air, machine_oil, fuel_oil, air_condition_std, air_condition_carbon) VALUES (1, 29, 320, '0986AF2010', '0986AF0047', '', '', '');
INSERT INTO style(style_id, style_name, brand_id) VALUES(321), '瑞风 2.5 柴油', 29
INSERT INTO filter(supply_id, brand_id, style_id, air, machine_oil, fuel_oil, air_condition_std, air_condition_carbon) VALUES (1, 29, 321, '0986AF2010', '0986AF0047', '', '', '');
INSERT INTO brand(brand_id, brand_name) VALUES(30, '江铃');
INSERT INTO style(style_id, style_name, brand_id) VALUES(322), '陆风 2.0i', 30
INSERT INTO filter(supply_id, brand_id, style_id, air, machine_oil, fuel_oil, air_condition_std, air_condition_carbon) VALUES (1, 30, 322, '', '0986AF0030', '0986AF8123', '', '');
INSERT INTO style(style_id, style_name, brand_id) VALUES(323), '陆风 2.8 柴油', 30
INSERT INTO filter(supply_id, brand_id, style_id, air, machine_oil, fuel_oil, air_condition_std, air_condition_carbon) VALUES (1, 30, 323, '', '0986AF0022', '', '', '');
INSERT INTO style(style_id, style_name, brand_id) VALUES(324), '陆风 X6 新款', 30
INSERT INTO filter(supply_id, brand_id, style_id, air, machine_oil, fuel_oil, air_condition_std, air_condition_carbon) VALUES (1, 30, 324, '', '0986AF0030', '0986AF8123', '', '');
INSERT INTO style(style_id, style_name, brand_id) VALUES(325), '宝典', 30
INSERT INTO filter(supply_id, brand_id, style_id, air, machine_oil, fuel_oil, air_condition_std, air_condition_carbon) VALUES (1, 30, 325, '', '0986AF0030', '0986AF8123', '', '');
INSERT INTO style(style_id, style_name, brand_id) VALUES(326), '宝威 2.2 Diesel 4WD', 30
INSERT INTO filter(supply_id, brand_id, style_id, air, machine_oil, fuel_oil, air_condition_std, air_condition_carbon) VALUES (1, 30, 326, '', '0986AF0022', '', '', '0986AF4152');
INSERT INTO brand(brand_id, brand_name) VALUES(31, '东南');
INSERT INTO style(style_id, style_name, brand_id) VALUES(327), '富利卡 非ABS', 31
INSERT INTO filter(supply_id, brand_id, style_id, air, machine_oil, fuel_oil, air_condition_std, air_condition_carbon) VALUES (1, 31, 327, '0986AF2318', '0986AF0030', '0986AF8131', '', '');
INSERT INTO style(style_id, style_name, brand_id) VALUES(328), '富利卡 ABS款', 31
INSERT INTO filter(supply_id, brand_id, style_id, air, machine_oil, fuel_oil, air_condition_std, air_condition_carbon) VALUES (1, 31, 328, '0986AF2318', '0986AF0030', '0986AF8131', '', '0986AF4166');
INSERT INTO style(style_id, style_name, brand_id) VALUES(329), '得利卡', 31
INSERT INTO filter(supply_id, brand_id, style_id, air, machine_oil, fuel_oil, air_condition_std, air_condition_carbon) VALUES (1, 31, 329, '0986AF2318', '0986AF0030', '', '', '');
INSERT INTO style(style_id, style_name, brand_id) VALUES(330), '菱帅 1.6i老款', 31
INSERT INTO filter(supply_id, brand_id, style_id, air, machine_oil, fuel_oil, air_condition_std, air_condition_carbon) VALUES (1, 31, 330, '0986AF2317', '0986AF0030', '0986AF8132', '', '');
INSERT INTO style(style_id, style_name, brand_id) VALUES(331), '菱帅 1.6i新款 新菱帅', 31
INSERT INTO filter(supply_id, brand_id, style_id, air, machine_oil, fuel_oil, air_condition_std, air_condition_carbon) VALUES (1, 31, 331, '0986AF2317', '0986AF0030', '0986AF8132', '', '');
INSERT INTO style(style_id, style_name, brand_id) VALUES(332), '菱悦 V3', 31
INSERT INTO filter(supply_id, brand_id, style_id, air, machine_oil, fuel_oil, air_condition_std, air_condition_carbon) VALUES (1, 31, 332, '0986AF2317', '0986AF0030', '', '', '');
INSERT INTO style(style_id, style_name, brand_id) VALUES(333), '菱绅 2.4i', 31
INSERT INTO filter(supply_id, brand_id, style_id, air, machine_oil, fuel_oil, air_condition_std, air_condition_carbon) VALUES (1, 31, 333, '0986AF2317', '0986AF0047', '', '', '');
INSERT INTO brand(brand_id, brand_name) VALUES(32, '三菱');
INSERT INTO style(style_id, style_name, brand_id) VALUES(334), '戈蓝 Grunder 2.4i', 32
INSERT INTO filter(supply_id, brand_id, style_id, air, machine_oil, fuel_oil, air_condition_std, air_condition_carbon) VALUES (1, 32, 334, '0986AF2317', '0986AF0047', '', '', '');
INSERT INTO style(style_id, style_name, brand_id) VALUES(335), '蓝瑟 1.6i', 32
INSERT INTO filter(supply_id, brand_id, style_id, air, machine_oil, fuel_oil, air_condition_std, air_condition_carbon) VALUES (1, 32, 335, '0986AF2317', '0986AF1001', '', '', '');
INSERT INTO style(style_id, style_name, brand_id) VALUES(336), '欧蓝德 2.4i 4WD', 32
INSERT INTO filter(supply_id, brand_id, style_id, air, machine_oil, fuel_oil, air_condition_std, air_condition_carbon) VALUES (1, 32, 336, '0986AF2317', '0986AF0047', '', '1987432426', '');
INSERT INTO style(style_id, style_name, brand_id) VALUES(337), '帕杰罗 2.4i V31', 32
INSERT INTO filter(supply_id, brand_id, style_id, air, machine_oil, fuel_oil, air_condition_std, air_condition_carbon) VALUES (1, 32, 337, '0986AF2311', '0986AF0059', '0986AF8119', '', '');
INSERT INTO style(style_id, style_name, brand_id) VALUES(338), '帕杰罗 2.4i V32', 32
INSERT INTO filter(supply_id, brand_id, style_id, air, machine_oil, fuel_oil, air_condition_std, air_condition_carbon) VALUES (1, 32, 338, '0986AF2311', '0986AF0059', '0986AF8119', '', '');
INSERT INTO style(style_id, style_name, brand_id) VALUES(339), '帕杰罗 2.4i V33', 32
INSERT INTO filter(supply_id, brand_id, style_id, air, machine_oil, fuel_oil, air_condition_std, air_condition_carbon) VALUES (1, 32, 339, '0986AF2311', '0986AF0059', '0986AF8119', '', '');
INSERT INTO style(style_id, style_name, brand_id) VALUES(340), '帕杰罗 3.0i V 73 V6 V77', 32
INSERT INTO filter(supply_id, brand_id, style_id, air, machine_oil, fuel_oil, air_condition_std, air_condition_carbon) VALUES (1, 32, 340, '0986AF2211', '0986AF0047', '0986AF8119', '', '');
INSERT INTO brand(brand_id, brand_name) VALUES(33, '猎豹');
INSERT INTO style(style_id, style_name, brand_id) VALUES(341), '猎豹 V31', 33
INSERT INTO filter(supply_id, brand_id, style_id, air, machine_oil, fuel_oil, air_condition_std, air_condition_carbon) VALUES (1, 33, 341, '0986AF2211', '0986AF0059', '0986AF8119', '', '0986AF5447');
INSERT INTO style(style_id, style_name, brand_id) VALUES(342), '猎豹 2.0i V32', 33
INSERT INTO filter(supply_id, brand_id, style_id, air, machine_oil, fuel_oil, air_condition_std, air_condition_carbon) VALUES (1, 33, 342, '0986AF2311', '0986AF0059', '0986AF8119', '', '');
INSERT INTO style(style_id, style_name, brand_id) VALUES(343), '猎豹 2.4i, 3.0i V33', 33
INSERT INTO filter(supply_id, brand_id, style_id, air, machine_oil, fuel_oil, air_condition_std, air_condition_carbon) VALUES (1, 33, 343, '0986AF2311', '0986AF0047', '0986AF8119', '', '');
INSERT INTO brand(brand_id, brand_name) VALUES(34, '东风');
INSERT INTO style(style_id, style_name, brand_id) VALUES(344), '风行 1.8i,小卡钳', 34
INSERT INTO filter(supply_id, brand_id, style_id, air, machine_oil, fuel_oil, air_condition_std, air_condition_carbon) VALUES (1, 34, 344, '0986AF2318', '0986AF0030', '', '', '');
INSERT INTO style(style_id, style_name, brand_id) VALUES(345), '风行菱通先锋版 2.0 大卡钳', 34
INSERT INTO filter(supply_id, brand_id, style_id, air, machine_oil, fuel_oil, air_condition_std, air_condition_carbon) VALUES (1, 34, 345, '', '0986AF0030', '', '', '');
INSERT INTO style(style_id, style_name, brand_id) VALUES(346), '风行 2.0i,2.4i 大卡钳', 34
INSERT INTO filter(supply_id, brand_id, style_id, air, machine_oil, fuel_oil, air_condition_std, air_condition_carbon) VALUES (1, 34, 346, '0986AF2318', '0986AF0030', '', '', '');
INSERT INTO brand(brand_id, brand_name) VALUES(35, '长城');
INSERT INTO style(style_id, style_name, brand_id) VALUES(347), '哈弗 2.4i', 35
INSERT INTO filter(supply_id, brand_id, style_id, air, machine_oil, fuel_oil, air_condition_std, air_condition_carbon) VALUES (1, 35, 347, '0986AF2311', '0986AF0030', '', '', '');
INSERT INTO style(style_id, style_name, brand_id) VALUES(348), '塞弗', 35
INSERT INTO filter(supply_id, brand_id, style_id, air, machine_oil, fuel_oil, air_condition_std, air_condition_carbon) VALUES (1, 35, 348, '', '0986AF0030', '', '', '');
INSERT INTO style(style_id, style_name, brand_id) VALUES(349), '风骏 四驱', 35
INSERT INTO filter(supply_id, brand_id, style_id, air, machine_oil, fuel_oil, air_condition_std, air_condition_carbon) VALUES (1, 35, 349, '', '0986AF0030', '', '', '');
INSERT INTO style(style_id, style_name, brand_id) VALUES(350), '骑士', 35
INSERT INTO filter(supply_id, brand_id, style_id, air, machine_oil, fuel_oil, air_condition_std, air_condition_carbon) VALUES (1, 35, 350, '', '0986AF0030', '', '', '');
INSERT INTO style(style_id, style_name, brand_id) VALUES(351), '迪尔 两驱', 35
INSERT INTO filter(supply_id, brand_id, style_id, air, machine_oil, fuel_oil, air_condition_std, air_condition_carbon) VALUES (1, 35, 351, '', '0986AF0030', '', '', '');
INSERT INTO style(style_id, style_name, brand_id) VALUES(352), '迪尔 四驱 08款', 35
INSERT INTO filter(supply_id, brand_id, style_id, air, machine_oil, fuel_oil, air_condition_std, air_condition_carbon) VALUES (1, 35, 352, '', '0986AF0030', '', '', '');
INSERT INTO style(style_id, style_name, brand_id) VALUES(353), '赛铃', 35
INSERT INTO filter(supply_id, brand_id, style_id, air, machine_oil, fuel_oil, air_condition_std, air_condition_carbon) VALUES (1, 35, 353, '', '0986AF0030', '', '', '0986AF5447');
INSERT INTO style(style_id, style_name, brand_id) VALUES(354), '赛酷', 35
INSERT INTO filter(supply_id, brand_id, style_id, air, machine_oil, fuel_oil, air_condition_std, air_condition_carbon) VALUES (1, 35, 354, '', '0986AF0030', '', '', '');
INSERT INTO brand(brand_id, brand_name) VALUES(36, '奇瑞');
INSERT INTO style(style_id, style_name, brand_id) VALUES(355), '东方之子 1.8 2.0i 2.4', 36
INSERT INTO filter(supply_id, brand_id, style_id, air, machine_oil, fuel_oil, air_condition_std, air_condition_carbon) VALUES (1, 36, 355, '0986AF2316', '0986AF0059', '0986AF8120', '0986AF5434', '');
INSERT INTO style(style_id, style_name, brand_id) VALUES(356), '风云 1.6i', 36
INSERT INTO filter(supply_id, brand_id, style_id, air, machine_oil, fuel_oil, air_condition_std, air_condition_carbon) VALUES (1, 36, 356, '', '0986AF0055', '0986AF8120', '', '');
INSERT INTO style(style_id, style_name, brand_id) VALUES(357), '旗云 1.6i', 36
INSERT INTO filter(supply_id, brand_id, style_id, air, machine_oil, fuel_oil, air_condition_std, air_condition_carbon) VALUES (1, 36, 357, '0986AF2328', '0986AF0030', '0986AF8120', '', '');
INSERT INTO style(style_id, style_name, brand_id) VALUES(358), '新旗云 1.6i 新款', 36
INSERT INTO filter(supply_id, brand_id, style_id, air, machine_oil, fuel_oil, air_condition_std, air_condition_carbon) VALUES (1, 36, 358, '0986AF2328', '0986AF0030', '0986AF8120', '', '');
INSERT INTO style(style_id, style_name, brand_id) VALUES(359), 'QQ 0.8i', 36
INSERT INTO filter(supply_id, brand_id, style_id, air, machine_oil, fuel_oil, air_condition_std, air_condition_carbon) VALUES (1, 36, 359, '0986AF2329', '0986AF0062', '0986AF8125', '', '');
INSERT INTO style(style_id, style_name, brand_id) VALUES(360), 'QQ 1.1i', 36
INSERT INTO filter(supply_id, brand_id, style_id, air, machine_oil, fuel_oil, air_condition_std, air_condition_carbon) VALUES (1, 36, 360, '0986AF2329', '0986AF0062', '', '', '');
INSERT INTO style(style_id, style_name, brand_id) VALUES(361), '瑞虎 1.6i', 36
INSERT INTO filter(supply_id, brand_id, style_id, air, machine_oil, fuel_oil, air_condition_std, air_condition_carbon) VALUES (1, 36, 361, '', '0986AF0059', '', '0986AF5435', '');
INSERT INTO style(style_id, style_name, brand_id) VALUES(362), '瑞虎 2.0i, 2.4i 4x4', 36
INSERT INTO filter(supply_id, brand_id, style_id, air, machine_oil, fuel_oil, air_condition_std, air_condition_carbon) VALUES (1, 36, 362, '', '0986AF0059', '', '0986AF5435', '');
INSERT INTO style(style_id, style_name, brand_id) VALUES(363), 'V5 2.0i 2.4 老款', 36
INSERT INTO filter(supply_id, brand_id, style_id, air, machine_oil, fuel_oil, air_condition_std, air_condition_carbon) VALUES (1, 36, 363, '', '0986AF0059', '', '0986AF5436', '');
INSERT INTO style(style_id, style_name, brand_id) VALUES(364), 'V5 2.0 2.4i 新款', 36
INSERT INTO filter(supply_id, brand_id, style_id, air, machine_oil, fuel_oil, air_condition_std, air_condition_carbon) VALUES (1, 36, 364, '0986AF2311', '0986AF0059', '', '0986AF5436', '');
INSERT INTO brand(brand_id, brand_name) VALUES(37, '菲亚特');
INSERT INTO style(style_id, style_name, brand_id) VALUES(365), '派里奥 1.2 MPI 8V, 1.5 MPI', 37
INSERT INTO filter(supply_id, brand_id, style_id, air, machine_oil, fuel_oil, air_condition_std, air_condition_carbon) VALUES (1, 37, 365, '0986AF2218', '0986AF0059', '986450220', '0986AF5413', '');
INSERT INTO style(style_id, style_name, brand_id) VALUES(366), '派里奥 1.3i MPI 16V', 37
INSERT INTO filter(supply_id, brand_id, style_id, air, machine_oil, fuel_oil, air_condition_std, air_condition_carbon) VALUES (1, 37, 366, '', '0986AF0059', '986450220', '0986AF5413', '');
INSERT INTO style(style_id, style_name, brand_id) VALUES(367), '派里奥 Weekend 1.3i MPI 16V', 37
INSERT INTO filter(supply_id, brand_id, style_id, air, machine_oil, fuel_oil, air_condition_std, air_condition_carbon) VALUES (1, 37, 367, '', '0986AF0059', '986450230', '1987432183', '');
INSERT INTO style(style_id, style_name, brand_id) VALUES(368), '派里奥 Weekend 1.3i MPI 8V', 37
INSERT INTO filter(supply_id, brand_id, style_id, air, machine_oil, fuel_oil, air_condition_std, air_condition_carbon) VALUES (1, 37, 368, '0986AF2218', '0986AF0059', '', '0986AF5413', '');
INSERT INTO style(style_id, style_name, brand_id) VALUES(369), '派里奥 Weekend 1.5 MPI, 1.7 MPI', 37
INSERT INTO filter(supply_id, brand_id, style_id, air, machine_oil, fuel_oil, air_condition_std, air_condition_carbon) VALUES (1, 37, 369, '', '0986AF0053', '986450230', '0986AF5413', '');
INSERT INTO style(style_id, style_name, brand_id) VALUES(370), '西耶那 1.2 MPI 8V', 37
INSERT INTO filter(supply_id, brand_id, style_id, air, machine_oil, fuel_oil, air_condition_std, air_condition_carbon) VALUES (1, 37, 370, '', '0986AF0059', '986450220', '0986AF5413', '');
INSERT INTO style(style_id, style_name, brand_id) VALUES(371), '西耶那 1.3i MPI 16V', 37
INSERT INTO filter(supply_id, brand_id, style_id, air, machine_oil, fuel_oil, air_condition_std, air_condition_carbon) VALUES (1, 37, 371, '0986AF2218', '0986AF0059', '986450220', '0986AF5413', '');
INSERT INTO style(style_id, style_name, brand_id) VALUES(372), '西耶那 1.5 MPI', 37
INSERT INTO filter(supply_id, brand_id, style_id, air, machine_oil, fuel_oil, air_condition_std, air_condition_carbon) VALUES (1, 37, 372, '', '0986AF0053', '986450220', '0986AF5413', '');
INSERT INTO brand(brand_id, brand_name) VALUES(38, '长安铃木');
INSERT INTO style(style_id, style_name, brand_id) VALUES(373), '长安之星 1.0i 1.3', 38
INSERT INTO filter(supply_id, brand_id, style_id, air, machine_oil, fuel_oil, air_condition_std, air_condition_carbon) VALUES (1, 38, 373, '0986AF2310', '0986AF0062', '0986AF8125', '', '');
INSERT INTO style(style_id, style_name, brand_id) VALUES(374), '奥托 0.8i', 38
INSERT INTO filter(supply_id, brand_id, style_id, air, machine_oil, fuel_oil, air_condition_std, air_condition_carbon) VALUES (1, 38, 374, '0986AF2313', '0986AF0062', '0986AF8125', '', '0986AF5449');
INSERT INTO style(style_id, style_name, brand_id) VALUES(375), '天语 SX4', 38
INSERT INTO filter(supply_id, brand_id, style_id, air, machine_oil, fuel_oil, air_condition_std, air_condition_carbon) VALUES (1, 38, 375, '', '0986AF0061', '', '1987432172', '0986AF5449');
INSERT INTO style(style_id, style_name, brand_id) VALUES(376), '羚羊', 38
INSERT INTO filter(supply_id, brand_id, style_id, air, machine_oil, fuel_oil, air_condition_std, air_condition_carbon) VALUES (1, 38, 376, '', '0986AF0062', '', '1987432172', '0986AF5449');
INSERT INTO style(style_id, style_name, brand_id) VALUES(377), '奔奔', 38
INSERT INTO filter(supply_id, brand_id, style_id, air, machine_oil, fuel_oil, air_condition_std, air_condition_carbon) VALUES (1, 38, 377, '', '0986AF0062', '', '', '');
INSERT INTO style(style_id, style_name, brand_id) VALUES(378), '雨燕 1.0i 6V', 38
INSERT INTO filter(supply_id, brand_id, style_id, air, machine_oil, fuel_oil, air_condition_std, air_condition_carbon) VALUES (1, 38, 378, '', '', '0986AF8059', '', '0986AF4057');
INSERT INTO style(style_id, style_name, brand_id) VALUES(379), '雨燕 1.3i 8V', 38
INSERT INTO filter(supply_id, brand_id, style_id, air, machine_oil, fuel_oil, air_condition_std, air_condition_carbon) VALUES (1, 38, 379, '0986AF2309', '0986AF0061', '0986AF8059', '', '0986AF4057');
INSERT INTO style(style_id, style_name, brand_id) VALUES(380), '雨燕 1.0 1.3i 8V', 38
INSERT INTO filter(supply_id, brand_id, style_id, air, machine_oil, fuel_oil, air_condition_std, air_condition_carbon) VALUES (1, 38, 380, '0986AF2309', '0986AF0061', '0986AF8159', '', '');
INSERT INTO brand(brand_id, brand_name) VALUES(39, '昌河铃木');
INSERT INTO style(style_id, style_name, brand_id) VALUES(381), '昌河 1.0', 39
INSERT INTO filter(supply_id, brand_id, style_id, air, machine_oil, fuel_oil, air_condition_std, air_condition_carbon) VALUES (1, 39, 381, '', '0986AF0062', '0986AF8125', '', '0986AF5449');
INSERT INTO style(style_id, style_name, brand_id) VALUES(382), '利亚纳', 39
INSERT INTO filter(supply_id, brand_id, style_id, air, machine_oil, fuel_oil, air_condition_std, air_condition_carbon) VALUES (1, 39, 382, '', '', '0986AF8159', '', '0986AF5449');
INSERT INTO style(style_id, style_name, brand_id) VALUES(383), '浪迪', 39
INSERT INTO filter(supply_id, brand_id, style_id, air, machine_oil, fuel_oil, air_condition_std, air_condition_carbon) VALUES (1, 39, 383, '', '', '0986AF8159', '', '');
INSERT INTO style(style_id, style_name, brand_id) VALUES(384), '爱迪尔 1.0 1.1i 小鼓', 39
INSERT INTO filter(supply_id, brand_id, style_id, air, machine_oil, fuel_oil, air_condition_std, air_condition_carbon) VALUES (1, 39, 384, '', '0986AF0062', '0986AF8159', '', '');
INSERT INTO style(style_id, style_name, brand_id) VALUES(385), '爱迪尔 1.0 1.1i 大鼓', 39
INSERT INTO filter(supply_id, brand_id, style_id, air, machine_oil, fuel_oil, air_condition_std, air_condition_carbon) VALUES (1, 39, 385, '', '0986AF0062', '0986AF8159', '', '');
INSERT INTO style(style_id, style_name, brand_id) VALUES(386), '北斗星 1.0i, 1.2i', 39
INSERT INTO filter(supply_id, brand_id, style_id, air, machine_oil, fuel_oil, air_condition_std, air_condition_carbon) VALUES (1, 39, 386, '0986AF2312', '0986AF0062', '', '', '');
INSERT INTO style(style_id, style_name, brand_id) VALUES(387), '北斗星 1.4i', 39
INSERT INTO filter(supply_id, brand_id, style_id, air, machine_oil, fuel_oil, air_condition_std, air_condition_carbon) VALUES (1, 39, 387, '', '0986AF0071', '', '', '');
INSERT INTO brand(brand_id, brand_name) VALUES(40, '哈飞');
INSERT INTO style(style_id, style_name, brand_id) VALUES(388), '佳宝 1.0', 40
INSERT INTO filter(supply_id, brand_id, style_id, air, machine_oil, fuel_oil, air_condition_std, air_condition_carbon) VALUES (1, 40, 388, '', '0986AF0062', '0986AF8125', '', '');
INSERT INTO style(style_id, style_name, brand_id) VALUES(389), '民意 第一代', 40
INSERT INTO filter(supply_id, brand_id, style_id, air, machine_oil, fuel_oil, air_condition_std, air_condition_carbon) VALUES (1, 40, 389, '', '0986AF0062', '0986AF8125', '', '');
INSERT INTO style(style_id, style_name, brand_id) VALUES(390), '新民意', 40
INSERT INTO filter(supply_id, brand_id, style_id, air, machine_oil, fuel_oil, air_condition_std, air_condition_carbon) VALUES (1, 40, 390, '', '0986AF0062', '0986AF8125', '', '');
INSERT INTO style(style_id, style_name, brand_id) VALUES(391), '路宝 1.0i, 1.1i,哈飞民意 1.0i, 1,1i', 40
INSERT INTO filter(supply_id, brand_id, style_id, air, machine_oil, fuel_oil, air_condition_std, air_condition_carbon) VALUES (1, 40, 391, '', '0986AF0062', '0986AF8125', '', '');
INSERT INTO style(style_id, style_name, brand_id) VALUES(392), '赛豹 1.6i, 2.0i', 40
INSERT INTO filter(supply_id, brand_id, style_id, air, machine_oil, fuel_oil, air_condition_std, air_condition_carbon) VALUES (1, 40, 392, '', '0986AF0030', '', '', '');
INSERT INTO style(style_id, style_name, brand_id) VALUES(393), '哈飞赛马 1.3i', 40
INSERT INTO filter(supply_id, brand_id, style_id, air, machine_oil, fuel_oil, air_condition_std, air_condition_carbon) VALUES (1, 40, 393, '0986AF2317', '0986AF0030', '', '', '');
INSERT INTO style(style_id, style_name, brand_id) VALUES(394), '哈飞赛马 1.6i', 40
INSERT INTO filter(supply_id, brand_id, style_id, air, machine_oil, fuel_oil, air_condition_std, air_condition_carbon) VALUES (1, 40, 394, '0986AF2317', '0986AF0030', '', '', '');
INSERT INTO brand(brand_id, brand_name) VALUES(41, '五菱');
INSERT INTO style(style_id, style_name, brand_id) VALUES(395), '五菱鸿途/五菱荣光/五菱之光', 41
INSERT INTO filter(supply_id, brand_id, style_id, air, machine_oil, fuel_oil, air_condition_std, air_condition_carbon) VALUES (1, 41, 395, '0986AF2433', '', '', '', '');
INSERT INTO style(style_id, style_name, brand_id) VALUES(396), '6360系列0.8i, 1.0i, 五菱阳光1.0i, 1.1i', 41
INSERT INTO filter(supply_id, brand_id, style_id, air, machine_oil, fuel_oil, air_condition_std, air_condition_carbon) VALUES (1, 41, 396, '', '0986AF0070', '0986AF8125', '', '');
INSERT INTO brand(brand_id, brand_name) VALUES(42, '南京');
INSERT INTO style(style_id, style_name, brand_id) VALUES(397), '优尼柯 1.5i', 42
INSERT INTO filter(supply_id, brand_id, style_id, air, machine_oil, fuel_oil, air_condition_std, air_condition_carbon) VALUES (1, 42, 397, '', '0986AF0053', '', '', '');
INSERT INTO brand(brand_id, brand_name) VALUES(43, '中兴');
INSERT INTO style(style_id, style_name, brand_id) VALUES(398), '金狮 2.4i, 3.0i 4WD, 4.0i 4WD', 43
INSERT INTO filter(supply_id, brand_id, style_id, air, machine_oil, fuel_oil, air_condition_std, air_condition_carbon) VALUES (1, 43, 398, '0986AF2311', '0986AF0047', '', '', '');
INSERT INTO style(style_id, style_name, brand_id) VALUES(399), '金狮 2.4i 4WD, 无限 2.4', 43
INSERT INTO filter(supply_id, brand_id, style_id, air, machine_oil, fuel_oil, air_condition_std, air_condition_carbon) VALUES (1, 43, 399, '0986AF2311', '0986AF0059', '', '', '');
